smile	binding.affinity
[H]N([H])C(=O)C(\[H])=C1\C2=C([H])C(F)=C([H])C(F)=C2C([H])([H])C1([H])[H]	200
[H]C1=C([H])C(=C([H])C(=C1[H])C(F)(F)F)C([H])([H])OC1=C([H])C([H])=C(OC([H])([H])[C@@]([H])(C(=O)OC([H])([H])[H])C([H])([H])OC([H])([H])[H])C(=C1[H])C(=O)C([H])([H])[H]	20
[H]OC1=C([H])C(O[H])=C(C([H])=C1[H])C1=NN(C(=O)C([H])([H])[H])[C@@]([H])(C2=C([H])C([H])=C([H])C(=C2[H])C([H])([H])[H])C1([H])[H]	38
[H]OC1=C([H])C(O[H])=C(C([H])=C1[H])C1=NN(C(=O)C([H])([H])[H])[C@]([H])(C2=C([H])C([H])=C([H])C([H])=C2C([H])([H])[H])C1([H])[H]	30
[H]C1=C2C(=O)C([H])([H])C([H])([H])C2=C([H])C(OC([H])([H])C([H])([H])C([H])([H])C(F)(F)F)=C1[H]	0.318
[H]C1=C2C(=O)C(=O)C(=O)C2=C([H])C(OC([H])([H])C([H])([H])C([H])([H])C(F)(F)F)=C1[H]	9
[H]C1=C([H])C([H])=C(C([H])=C1[H])C([H])([H])OC1=C([H])C([H])=C(C([H])=C1[H])C1=NN(N=N1)C([H])([H])C([H])([H])C#N	2
[H]C1=C([H])C([H])=C(C([H])=C1[H])C([H])([H])OC1=C([H])C([H])=C(C([H])=C1[H])C1=NN(C(=S)S1)C([H])([H])C([H])([H])C#N	16
[H]C1=C([H])C([H])=C(C([H])=C1[H])C([H])([H])OC1=C([H])C([H])=C(C([H])=C1[H])C1=NN(C(=S)O1)C([H])([H])C([H])([H])C#N	4.4
[H]C1=C([H])C([H])=C2C3=C(C([H])=C(N=N3)C([H])([H])[H])C(=O)C2=C1[H]	1442.115
[H]C1=C([H])C([H])=C(C([H])=C1[H])C([H])([H])OC1=C([H])C([H])=C(C([H])=C1[H])C1=NN(C([H])([H])C([H])([H])C#N)C([H])([H])C(=O)O1	18
[H]C1=C([H])C([H])=C(C([H])=C1[H])C([H])([H])OC1=C([H])C([H])=C(C([H])=C1[H])C1=NN(C(=O)O1)C([H])([H])C([H])([H])C#N	2.2
[H]C1=C([H])C([H])=C(C([H])=C1[H])C([H])([H])OC1=C([H])C([H])=C(C([H])=C1[H])C1=NN(C(=O)S1)C([H])([H])C([H])([H])C#N	8
[H]C1=C2C(=O)C3=C(N=NC(=C3[H])C([H])([H])[H])C2=C([H])C(OC([H])([H])C([H])([H])C([H])([H])C(F)(F)F)=C1[H]	3570.007
[H]C1=C([H])C([H])=C2C3=NN=C(C([H])=C3C(=O)C2=C1[H])C1=C([H])C([H])=C(C([H])=C1[H])C(F)(F)F	47.685
[H]N([H])N([H])C(=O)N([H])[H]	3353.35
[H]C#CC([H])([H])N(C([H])([H])[H])[C@]([H])(C([H])([H])[H])C([H])([H])C1=C([H])C([H])=C([H])C([H])=C1[H]	494.8
[H]N([H])C([H])([H])C([H])([H])N([H])C(=O)C1=C([H])C([H])=C(Cl)C([H])=N1	87.5
[H]C#CC([H])([H])N(C([H])([H])[H])C([H])([H])C1=C([H])C([H])=C([H])C([H])=C1[H]	1597
[H]C#CC([H])([H])N(C([H])([H])[H])[C@@]1([H])C2=C([H])C([H])=C([H])C([H])=C2C([H])([H])C1([H])[H]	600
[H]\C(\C(\[H])=C(/[H])C1=C([H])C([H])=C([H])C([H])=C1[H])=C(\[H])C1=C([H])C([H])=C([H])C([H])=C1[H]	600
[H]N([H])N([H])C([H])([H])C(=C(/[H])F)\C1=C([H])C([H])=C([H])C([H])=C1[H]	650
[H]C#CC([H])([H])N([H])[C@@]1([H])C2=C([H])C([H])=C([H])C([H])=C2C([H])([H])C1([H])[H]	357
[H]C1=C([H])C([H])=C(C([H])=C1[H])C([H])([H])OC1=C([H])C2=C(C([H])=C1[H])C(=C([H])C(=O)O2)C([H])([H])[H]	1.58
[H]C1=C([H])C(=C([H])C([H])=C1Cl)C([H])([H])OC1=C([H])C([H])=C2C(OC(=O)C(=C2C([H])([H])[H])C([H])([H])[H])=C1[H]	1.48
[H]N([H])[C@@]([H])(C([H])([H])[H])C([H])([H])C1=C([H])C([H])=C(SC([H])([H])C([H])([H])C([H])([H])C([H])([H])[H])C([H])=C1[H]	4580
[H]OC1=C2N=C([H])C([H])=C(C2=C([H])C([H])=C1[H])C([H])([H])N(C([H])([H])[H])C([H])([H])C#C[H]	57
[H]\C(=C(\[H])C1=C([H])C(Cl)=C([H])C([H])=C1[H])C1=NC2=C(N1C([H])([H])[H])C(=O)N(C(=O)N2C([H])([H])[H])C([H])([H])[H]	337
[H]C#CC([H])([H])N(C([H])([H])[H])[C@@]([H])(C([H])([H])[H])C([H])([H])C1=C([H])C([H])=C([H])C(OC(=O)N(C([H])([H])[H])C([H])([H])C([H])([H])C([H])([H])C([H])([H])C([H])([H])C([H])([H])[H])=C1[H]	1500
[H]OC1=C2N=C([H])C([H])=C(C2=C([H])C([H])=C1[H])C([H])([H])N([H])C([H])([H])C#C[H]	4240
[H]C1=C([H])C(Cl)=C([H])C(=C1[H])C([H])([H])OC1=C([H])C2=C(C([H])=C1[H])C(=C(C(=O)O2)C([H])([H])[H])C([H])([H])[H]	2.725
[H]N(\N=C1\C([H])([H])C([H])([H])C([H])([H])C([H])([H])[C@]1([H])C([H])([H])[H])C1=NC(=C([H])S1)C1=C([H])C([H])=C([H])C([H])=C1[H]	710
[H]N(N([H])C([H])(C([H])([H])[H])C([H])([H])[H])C(=O)C1=C([H])C([H])=NC([H])=C1[H]	7540
[H]N(\N=C1\C([H])([H])C([H])([H])C([H])([H])C([H])([H])[C@]1([H])C([H])([H])[H])C1=NC(=C([H])S1)C1=C([H])C([H])=C(F)C([H])=C1[H]	47.24
[H]N(\N=C1\C([H])([H])C([H])([H])C([H])([H])C([H])([H])[C@@]1([H])C([H])([H])[H])C1=NC(=C([H])S1)C1=C([H])C([H])=C(C#N)C([H])=C1[H]	32.48
[H]N([H])[C@]1([H])C([H])([H])[C@]1(F)C1=C([H])C([H])=C(C([H])=C1[H])C(F)(F)F	6250
[H]N([H])[C@]1([H])C([H])([H])[C@]1(F)C1=C([H])C([H])=C(F)C([H])=C1[H]	7450
[H]N([H])[C@]1([H])C([H])([H])[C@]1(F)C1=C([H])C([H])=C(Cl)C([H])=C1[H]	4250
C[C@@H]1CCCC\C1=N\NC1=NC(=CS1)C1=CC=C(C=C1)N(O)=O	24.5
[H]N(\N=C1\C([H])([H])C([H])([H])C([H])([H])C([H])([H])[C@@]1([H])C([H])([H])[H])C1=NC(=C([H])S1)C1=C(F)C([H])=C(F)C([H])=C1[H]	30.08
[H]N([H])C([H])([H])[C@@]1(C2=C([H])C([H])=C([H])C([H])=C2[H])C([H])([H])[C@]1([H])F	660
[H]N(\N=C1\C([H])([H])C([H])([H])C([H])([H])C([H])([H])[C@@]1([H])C([H])([H])[H])C1=NC(=C([H])S1)C1=C([H])C([H])=C(Cl)C([H])=C1[H]	7765.5
[H]N(\N=C1\C([H])([H])C([H])([H])C([H])([H])C([H])([H])[C@@]1([H])C([H])([H])[H])C1=NC(=C([H])S1)C1=C([H])C([H])=C(OC([H])([H])[H])C([H])=C1[H]	2371.5
[H]N(\N=C1\C([H])([H])C([H])([H])C([H])([H])C([H])([H])[C@@]1([H])C([H])([H])[H])C1=NC(=C([H])S1)C1=C([H])C([H])=C(C([H])=C1[H])C([H])([H])[H]	142.64
[H]\C(=C(\[H])C1=C([H])C([H])=C([H])C(Br)=C1[H])C1=N[C@@]2([H])N(C(=O)N(C(=O)[C@@]2([H])N1C([H])([H])[H])C([H])([H])[H])C([H])([H])[H]	83
[H]\C(=C(\[H])C1=C([H])C([H])=C(Cl)C(Cl)=C1[H])C1=N[C@@]2([H])N(C(=O)N(C(=O)[C@@]2([H])N1C([H])([H])[H])C([H])([H])[H])C([H])([H])[H]	36
[H]C([H])=C(Br)C([H])([H])OC1=C([H])C([H])=C2C(OC(=O)C3=C2C([H])([H])C([H])([H])C([H])([H])C3([H])[H])=C1C([H])([H])[H]	236
[H]C([H])=C(Br)C([H])([H])OC1=C([H])C([H])=C2C3=C(C(=O)OC2=C1C([H])([H])[H])C([H])([H])C([H])([H])C3([H])[H]	1.18
[H]C1=C(O[C@@]2([H])C(=O)C([H])([H])C([H])([H])C([H])([H])C2([H])[H])C(=C2OC(=O)C([H])=C(C2=C1[H])C([H])([H])[H])C([H])([H])[H]	3870
[H]C([H])=C(Br)C([H])([H])OC1=C([H])C([H])=C2C(OC(=O)C3=C2C([H])=C([H])C([H])=C3[H])=C1C([H])([H])[H]	1.49
[H]C1=C([H])C2=C(C([H])=C1[H])C1=C([H])C([H])=C(OC([H])([H])C(=O)C([H])([H])[H])C(OC([H])([H])[H])=C1OC2=O	9360
[H]C1=C(OC([H])([H])C(=O)C([H])([H])[H])C(=C2OC(=O)C3=C(C2=C1[H])C([H])([H])C([H])([H])C3([H])[H])C([H])([H])[H]	165
[H]C1=C(O[C@@]2([H])C(=O)C([H])([H])C([H])([H])C2([H])[H])C([H])=C2OC(=O)C([H])=C(C2=C1[H])C([H])([H])[H]	5570
[H]N([H])C([H])([H])C(=C(/[H])F)\C([H])([H])C([H])([H])C1=C([H])C([H])=C(F)C([H])=C1[H]	19
[H]N1C(=O)C(=O)C2=C1C([H])=C([H])C(\C([H])=C(/[H])C1=C([H])C([H])=C([H])C([H])=C1[H])=C2[H]	83
[H]N1C(=O)C(=O)C2=C1C([H])=C([H])C(\C([H])=C(/[H])C1=C([H])C(Cl)=C([H])C([H])=C1[H])=C2[H]	1400
[H]N1C(=O)C(=O)C2=C1C([H])=C([H])C(\C([H])=C(/[H])C1=C([H])C(F)=C([H])C([H])=C1[H])=C2[H]	600
[H]N1C(=O)C(=O)C2=C1C([H])=C(\C([H])=C(/[H])C1=C([H])C([H])=C([H])C([H])=C1[H])C([H])=C2[H]	515
[H]C1=C([H])C([H])=C(S1)C1=C([H])C2=C([H])C([H])=C([H])C([H])=C2OC1=O	6370
[H]N1C([H])=C(C2=C1C([H])=C([H])C([H])=C2[H])C1=C([H])C2=C([H])C([H])=C([H])C([H])=C2OC1=O	1920
[H]C1=C([H])C([H])=C(S1)C1=C([H])C2=C([H])C([H])=C(OC([H])([H])[H])C([H])=C2OC1=O	262.95
[H]C1=C([H])C(=C([H])S1)C1=C([H])C2=C([H])C([H])=C(OC([H])([H])[H])C([H])=C2OC1=O	55.63
[H]N1C([H])=C(C2=C1C([H])=C([H])C([H])=C2[H])C1=C([H])C2=C([H])C([H])=C(OC([H])([H])[H])C([H])=C2OC1=O	45.95
[H]C1=C([H])C([H])=C(S1)C1=C([H])C2=C([H])C(OC([H])([H])[H])=C([H])C([H])=C2OC1=O	633.55
[H]C1=C([H])C(=C([H])S1)C1=C([H])C2=C([H])C(OC([H])([H])[H])=C([H])C([H])=C2OC1=O	233.73
[H]N1N=C(C2=C3C([H])=C([H])C([H])=C([H])C3=C([H])C3=C([H])C([H])=C([H])C([H])=C23)C([H])([H])[C@@]1([H])C1=C([H])C([H])=C(C([H])=C1[H])[N+]([O-])=O	1.15
[H]OC1=C([H])C([H])=C(C([H])=C1[H])[C@]1([H])N([H])N=C(C2=C3C([H])=C([H])C([H])=C([H])C3=C([H])C3=C([H])C([H])=C([H])C([H])=C23)C1([H])[H]	7.51
[H]N1N=C(C2=C3C([H])=C([H])C([H])=C([H])C3=C([H])C3=C([H])C([H])=C([H])C([H])=C23)C([H])([H])[C@@]1([H])C1=C([H])C([H])=C(Cl)C([H])=C1[H]	1.8
[H]N1N=C(C2=C3C([H])=C([H])C([H])=C([H])C3=C([H])C3=C([H])C([H])=C([H])C([H])=C23)C([H])([H])[C@@]1([H])C1=C([H])C([H])=C(C([H])=C1[H])C([H])([H])[H]	3.56
[H]N1N=C(C2=C3C([H])=C([H])C([H])=C([H])C3=C([H])C3=C([H])C([H])=C([H])C([H])=C23)C([H])([H])[C@@]1([H])C1=C([H])C([H])=C([H])C([H])=C1[H]	4.21
[H]OC1=C([H])C([H])=C([H])C([H])=C1[C@@]1([H])N([H])N=C(C2=C3C([H])=C([H])C([H])=C([H])C3=C([H])C3=C([H])C([H])=C([H])C([H])=C23)C1([H])[H]	7.35
[H]OC1=C([H])C([H])=C(C(O[H])=C1[H])[C@@]1([H])N([H])N=C(C2=C3C([H])=C([H])C([H])=C([H])C3=C([H])C3=C([H])C([H])=C([H])C([H])=C23)C1([H])[H]	5.54
[H]N1N=C(C2=C3C([H])=C([H])C([H])=C([H])C3=C([H])C3=C([H])C([H])=C([H])C([H])=C23)C([H])([H])[C@@]1([H])C1=C([H])C([H])=C([H])C([H])=N1	5.75
[H]N1N=C(C2=C3C([H])=C([H])C([H])=C([H])C3=C([H])C3=C([H])C([H])=C([H])C([H])=C23)C([H])([H])[C@@]1([H])C1=C([H])C([H])=C([H])C(=C1[H])[N+]([O-])=O	0.31
[H]N1N=C(C2=C3C([H])=C([H])C([H])=C([H])C3=C([H])C3=C([H])C([H])=C([H])C([H])=C23)C([H])([H])[C@@]1([H])C1=C([H])C([H])=C(OC([H])([H])[H])C([H])=C1[H]	1.7
[H]C1=C([H])C(=C([H])C([H])=C1OC([H])([H])[H])C1=C([H])C2=C([H])C(=C([H])C([H])=C2OC1=O)C([H])([H])[H]	13.05
[H]C1=C([H])C(=C([H])C(OC([H])([H])[H])=C1[H])C1=C([H])C2=C([H])C(=C([H])C([H])=C2OC1=O)C([H])([H])[H]	0.8013
[H]OC1=C([H])C([H])=C(C([H])=C1[H])C1=C([H])C2=C([H])C(=C([H])C([H])=C2OC1=O)C([H])([H])[H]	155.59
[H]C1=C([H])C(=C([H])C([H])=C1F)[C@@]1([H])OC2=C([H])C(OC([H])([H])[H])=C([H])C([H])=C2C(=O)C1([H])[H]	170
[H]C1=C([H])C(=C([H])C([H])=C1C([H])([H])[H])[C@@]1([H])OC2=C([H])C(=C([H])C([H])=C2C(=O)C1([H])[H])C([H])([H])[H]	530
[H]C1=C([H])C([H])=C(C([H])=C1[H])[C@@]1([H])OC2=C([H])C(=C([H])C([H])=C2C(=O)C1([H])[H])C([H])([H])[H]	140
[H]C1=C([H])C(=C([H])C([H])=C1C([H])([H])[H])[C@@]1([H])OC2=C([H])C(F)=C([H])C([H])=C2C(=O)C1([H])[H]	150
[H]C1=C([H])C(=C([H])C([H])=C1F)[C@@]1([H])OC2=C([H])C(F)=C([H])C([H])=C2C(=O)C1([H])[H]	170
[H]C1=C([H])C([H])=C(C([H])=C1[H])[C@@]1([H])OC2=C([H])C(F)=C([H])C([H])=C2C(=O)C1([H])[H]	650
[H]N([H])C(=O)[C@@]([H])(N([H])C([H])([H])C1=C([H])C([H])=C(OC([H])([H])C2=C([H])C([H])=C([H])C(F)=C2[H])C([H])=C1[H])C([H])([H])[H]	80
[H]OC1=C([H])C([H])=C(C([H])=C1[H])C1=NN(C2=C([H])C([H])=C([H])C([H])=C2[H])C([H])([H])C1([H])[H]	3000
[H]OC1=C([H])C(OC([H])([H])[H])=C(O[H])C([H])=C1[H]	8900
[H]OC1=C([H])C([H])=C([H])C(O[H])=C1C1=NN(C(=O)C([H])([H])[H])[C@]([H])(C2=C([H])C([H])=C([H])C(=C2[H])C([H])([H])[H])C1([H])[H]	60
[H]OC1=C([H])C([H])=C(\C([H])=C(/[H])C(=O)OC([H])([H])C([H])([H])[H])C([H])=C1OC([H])([H])[H]	6700
[H]OC(=O)C1=C([H])OC2=C([H])C([H])=C([H])C([H])=C2C1=O	24.024
[H]N([H])C(=S)N1N=C(C2=C([H])C([H])=C([H])O2)C([H])([H])[C@@]1([H])C1=C([H])C([H])=C(F)C([H])=C1[H]	2750
[H]N([H])C(=S)N1N=C(C2=C([H])C([H])=C(C([H])=C2[H])C([H])([H])[H])C([H])([H])[C@@]1([H])C1=C([H])C([H])=C(F)C([H])=C1[H]	7180
[H]C1=C([H])C(OC([H])([H])[H])=C([H])C(=C1[H])C([H])([H])OC1=NC2=C(N1C([H])([H])[H])C(=O)N(C(=O)N2C([H])([H])[H])C([H])([H])[H]	2125
[H]C1=C([H])C([H])=C(C([H])=C1[H])C([H])([H])OC1=NC2=C(N1C([H])([H])[H])C(=O)N(C(=O)N2C([H])([H])[H])C([H])([H])[H]	835
[H]C1=C([H])C(Cl)=C([H])C(=C1[H])C([H])([H])OC1=NC2=C(N1C([H])([H])[H])C(=O)N(C(=O)N2C([H])([H])[H])C([H])([H])[H]	448
[H]C1=C([H])C(Br)=C([H])C(=C1[H])C([H])([H])OC1=NC2=C(N1C([H])([H])[H])C(=O)N(C(=O)N2C([H])([H])[H])C([H])([H])[H]	635.5
[H]C1=C([H])C(F)=C([H])C(=C1[H])C([H])([H])OC1=NC2=C(N1C([H])([H])[H])C(=O)N(C(=O)N2C([H])([H])[H])C([H])([H])[H]	720
[H]C1=C([H])C(=C([H])C(=C1[H])C([H])([H])OC1=NC2=C(N1C([H])([H])[H])C(=O)N(C(=O)N2C([H])([H])[H])C([H])([H])[H])C(F)(F)F	2510
[H]C1=C([H])C(=C([H])C(=C1[H])C([H])([H])OC1=NC2=C(N1C([H])([H])[H])C(=O)N(C(=O)N2C([H])([H])[H])C([H])([H])[H])C([H])([H])[H]	268.5
[H]C1=C([H])C(=C([H])C([H])=C1C1=C([H])C(=S)C2=C([H])C([H])=C(C([H])=C2O1)C([H])([H])[H])C([H])([H])[H]	6720
[H]C1=C([H])C(=C([H])C([H])=C1C1=C([H])C(=S)C2=C([H])C([H])=C(F)C([H])=C2O1)C([H])([H])[H]	1610
[H]C1=C([H])C(=C([H])C([H])=C1F)C1=C([H])C(=S)C2=C([H])C([H])=C(F)C([H])=C2O1	6890
[H]C1=C([H])C([H])=C2C(=S)C([H])=C(OC2=C1[H])C1=C([H])C([H])=C(OC([H])([H])[H])C([H])=C1[H]	480
[H]C1=C([H])C([H])=C2C(=S)C([H])=C(OC2=C1[H])C1=C([H])C([H])=C(C([H])=C1[H])C([H])([H])[H]	6690
[H]C1=C([H])C(=C([H])C([H])=C1OC([H])([H])[H])C1=C([H])C(=O)C2=C([H])C([H])=C(F)C([H])=C2O1	1340
[H]C1=C([H])C(=C([H])C([H])=C1C1=C([H])C(=O)C2=C([H])C([H])=C(F)C([H])=C2O1)C([H])([H])[H]	4330
[H]C1=C([H])C([H])=C2C(=O)C([H])=C(OC2=C1[H])C1=C([H])C([H])=C(C([H])=C1[H])C([H])([H])[H]	2380
[H]C1=C([H])C(=C([H])C([H])=C1OC([H])([H])[H])[C@@]1([H])OC2=C([H])C(OC([H])([H])[H])=C([H])C([H])=C2C(=O)C1([H])[H]	7180
[H]C1=C([H])C(=C([H])C([H])=C1C([H])([H])[H])[C@@]1([H])OC2=C([H])C(OC([H])([H])[H])=C([H])C([H])=C2C(=O)C1([H])[H]	550
[H]C1=C([H])C([H])=C(C([H])=C1[H])[C@@]1([H])OC2=C([H])C(OC([H])([H])[H])=C([H])C([H])=C2C(=O)C1([H])[H]	1470
[H]C1=C([H])C(=C([H])C([H])=C1OC([H])([H])[H])[C@]1([H])OC2=C([H])C(=C([H])C([H])=C2C(=O)C1([H])[H])C([H])([H])[H]	3350
[H]C1=C([H])C(=C([H])C([H])=C1F)[C@@]1([H])OC2=C([H])C(=C([H])C([H])=C2C(=O)C1([H])[H])C([H])([H])[H]	130
[H]C1=C([H])C(=C([H])C([H])=C1OC([H])([H])[H])[C@]1([H])OC2=C([H])C(F)=C([H])C([H])=C2C(=O)C1([H])[H]	170
[H]C1=C([H])C([H])=C2C(O[C@@]([H])(C3=C([H])C([H])=C(OC([H])([H])[H])C([H])=C3[H])C([H])([H])C2=O)=C1[H]	2200
[H]C1=C([H])C([H])=C2C(O[C@]([H])(C3=C([H])C([H])=C(C([H])=C3[H])C([H])([H])[H])C([H])([H])C2=O)=C1[H]	2070
[H]C1=C([H])C([H])=C2C(O[C@@]([H])(C3=C([H])C([H])=C(F)C([H])=C3[H])C([H])([H])C2=O)=C1[H]	4410
[H]C1=C([H])C([H])=C(C([H])=C1[H])[C@]1([H])OC2=C([H])C([H])=C([H])C([H])=C2C(=O)C1([H])[H]	2870
[H]C1=C([H])C(=C([H])C([H])=C1F)C1=C([H])C(=O)C2=C([H])C([H])=C(OC([H])([H])[H])C([H])=C2O1	5140
[H]N1C([H])([H])C([H])([H])S[C@]([H])(C2=C([H])C([H])=C(OC([H])([H])C3=C([H])C([H])=C([H])C([H])=C3[H])C([H])=C2[H])C1([H])[H]	38
[H]N1C([H])([H])C([H])([H])S[C@]([H])(C2=C([H])C([H])=C(OC([H])([H])C([H])([H])C([H])([H])[H])C([H])=C2[H])C1([H])[H]	130
[H]N1C([H])([H])C([H])([H])S[C@]([H])(C2=C([H])C([H])=C(OC([H])([H])C([H])([H])C([H])([H])C([H])([H])[H])C([H])=C2[H])C1([H])[H]	68
[H]N1C(=O)C([H])([H])S[C@]([H])(C2=C([H])C([H])=C(OC([H])([H])C3=C([H])C([H])=C([H])C([H])=C3[H])C([H])=C2[H])C1([H])[H]	48
[H]N1C(=O)C([H])([H])S[C@]([H])(C2=C([H])C([H])=C(OC([H])([H])C([H])([H])C([H])([H])C([H])([H])[H])C([H])=C2[H])C1([H])[H]	460
[H]N1C([H])([H])C([H])([H])S[C@]([H])(C2=C([H])C([H])=C(OC([H])([H])C([H])([H])[H])C([H])=C2[H])C1([H])[H]	2100
[H]N1C(=O)C([H])([H])S[C@]([H])(C2=C([H])C([H])=C(OC([H])([H])C([H])([H])C([H])([H])[H])C([H])=C2[H])C1([H])[H]	2400
[H]C1=C([H])C(=C([H])C([H])=C1OC([H])([H])[H])C1=C([H])C(=S)C2=C([H])C([H])=C(OC([H])([H])[H])C([H])=C2O1	3340
[H]C1=C([H])C(=C([H])C([H])=C1C1=C([H])C(=S)C2=C([H])C([H])=C(OC([H])([H])[H])C([H])=C2O1)C([H])([H])[H]	7610
[H]C1=C([H])C(Br)=C(C([H])=C1[H])C1=C([H])C2=C([H])C(=C([H])C([H])=C2OC1=O)C([H])([H])[H]	4300
[H]C1=C([H])C(=C([H])C([H])=C1OC([H])([H])[H])C1=C([H])C2=C([H])C(=C([H])C(Br)=C2OC1=O)C([H])([H])[H]	3230
[H]C1=C(C([H])=C2C([H])=C(C(=O)OC2=C1Br)C1=C([H])C(OC([H])([H])[H])=C([H])C(OC([H])([H])[H])=C1[H])C([H])([H])[H]	7120
[H]C1=C(C([H])=C2C([H])=C(C(=O)OC2=C1Br)C1=C([H])C(OC([H])([H])[H])=C(OC([H])([H])[H])C(OC([H])([H])[H])=C1[H])C([H])([H])[H]	4890
COC1=CC=C(C=C1)C1=CSC(NN=C2CCC(C)CC2)=N1	5025
CC1CCC(CC1)=NNC1=NC(=CS1)C1=CC=C(C)C=C1	1890
CC1CCC(CC1)=NNC1=NC(=CS1)C1=C(F)C=C(F)C=C1	30
CC1CCC(CC1)=NNC1=NC(=CS1)C1=C(Cl)C=C(Cl)C=C1	9600
CC1CCC(CC1)=NNC1=NC(=CS1)C1=CC=C(F)C=C1	45
N#CC1=CC=C(C=C1)C1=CSC(NN=C2CCCCC2)=N1	53
[O-][N+](=O)C1=CC=C(C=C1)C1=CSC(NN=C2CCCCC2)=N1	86
CC1=CC=C(C=C1)C1=CSC(NN=C2CCCCC2)=N1	3689
FC1=CC(F)=C(C=C1)C1=CSC(NN=C2CCCCC2)=N1	652
ClC1=CC(Cl)=C(C=C1)C1=CSC(NN=C2CCCCC2)=N1	202
[H]N(N=C1C([H])([H])C([H])([H])C([H])([H])C([H])([H])C1([H])[H])C1=NC(=C([H])S1)C1=C([H])C([H])=C([H])C([H])=C1[H]	116
ClC1=CC=C(C=C1)C1=CSC(NN=C2CCCCC2)=N1	211
FC1=CC=C(C=C1)C1=CSC(NN=C2CCCCC2)=N1	4
[H]N(N=C1C([H])([H])C([H])([H])C([H])([H])C1([H])[H])C1=NC(=C([H])S1)C1=C([H])C([H])=C(C#N)C([H])=C1[H]	221
[H]N(N=C1C([H])([H])C([H])([H])C([H])([H])C1([H])[H])C1=NC(=C([H])S1)C1=C([H])C([H])=C(OC([H])([H])[H])C([H])=C1[H]	164
[H]N(N=C1C([H])([H])C([H])([H])C([H])([H])C1([H])[H])C1=NC(=C([H])S1)C1=C([H])C([H])=C(C([H])=C1[H])C([H])([H])[H]	134
FC1=CC(F)=C(C=C1)C1=CSC(NN=C2CCCC2)=N1	3.2
ClC1=CC(Cl)=C(C=C1)C1=CSC(NN=C2CCCC2)=N1	284
FC1=CC=C(C=C1)C1=CSC(NN=C2CCCC2)=N1	41
[H]N(N=C1C([H])([H])C([H])([H])C([H])([H])C1([H])[H])C1=NC(=C([H])S1)C1=C([H])C([H])=C(C([H])=C1[H])[N+]([O-])=O	94
C[C@@H]1CCCC\C1=N/NC1=NC(=CS1)C1=CC=C(C=C1)C#N	61
[H]N(N=C1C([H])([H])C([H])([H])C([H])([H])C1([H])[H])C1=NC(=C([H])S1)C1=C([H])C([H])=C(Cl)C([H])=C1[H]	262
[H]N(N=C1C([H])([H])C([H])([H])C([H])([H])C1([H])[H])C1=NC(=C([H])S1)C1=C([H])C([H])=C([H])C([H])=C1[H]	296
[H]N(N=C(C([H])([H])[H])C([H])([H])[H])C1=NC(=C([H])S1)C1=C([H])C([H])=C([H])C(OC([H])([H])[H])=C1[H]	5070
[H]N(N=C(C([H])([H])C([H])([H])[H])C([H])([H])C([H])([H])[H])C1=NC(=C([H])S1)C1=C([H])C([H])=C([H])C(OC([H])([H])[H])=C1[H]	771.82
[H]N(\N=C(/C([H])([H])[H])C([H])([H])C([H])([H])C([H])([H])[H])C1=NC(=C([H])S1)C1=C([H])C([H])=C([H])C(OC([H])([H])[H])=C1[H]	871.47
[H]N(\N=C(/C([H])([H])[H])C([H])([H])C([H])([H])C([H])([H])C([H])([H])C([H])([H])[H])C1=NC(=C([H])S1)C1=C([H])C([H])=C([H])C(OC([H])([H])[H])=C1[H]	35.49
[H]N(N=C1C([H])([H])C([H])([H])C([H])([H])C1([H])[H])C1=NC(=C([H])S1)C1=C([H])C([H])=C([H])C(OC([H])([H])[H])=C1[H]	1060
[H]N(\N=C1/C([H])([H])C([H])([H])C([H])([H])[C@]1([H])C([H])([H])[H])C1=NC(=C([H])S1)C1=C([H])C([H])=C([H])C(OC([H])([H])[H])=C1[H]	31.87
[H]N(\N=C(/[H])C1=C([H])C([H])=C([H])O1)C1=NC(=C([H])S1)C1=C([H])C([H])=C([H])C(OC([H])([H])[H])=C1[H]	6780
[H]N(\N=C(\C1=C([H])C([H])=C([H])O1)C([H])([H])[H])C1=NC(=C([H])S1)C1=C([H])C([H])=C([H])C(OC([H])([H])[H])=C1[H]	1680
[H]N(\N=C(/[H])C1=C([H])C([H])=C([H])S1)C1=NC(=C([H])S1)C1=C([H])C([H])=C([H])C(OC([H])([H])[H])=C1[H]	493.83
[H]N(\N=C(\C1=C([H])C([H])=C([H])S1)C([H])([H])[H])C1=NC(=C([H])S1)C1=C([H])C([H])=C([H])C(OC([H])([H])[H])=C1[H]	551.38
[H]N(\N=C(/[H])C1=C([H])C([H])=C([H])N=C1[H])C1=NC(=C([H])S1)C1=C([H])C([H])=C([H])C(OC([H])([H])[H])=C1[H]	2910
[H]N(\N=C(\C1=C([H])C([H])=C([H])N=C1[H])C([H])([H])[H])C1=NC(=C([H])S1)C1=C([H])C([H])=C([H])C(OC([H])([H])[H])=C1[H]	3.81
[H]N(\N=C(/[H])C1=C([H])C([H])=NC([H])=C1[H])C1=NC(=C([H])S1)C1=C([H])C([H])=C([H])C(OC([H])([H])[H])=C1[H]	1140
[H]N(\N=C(\C1=C([H])C([H])=NC([H])=C1[H])C([H])([H])[H])C1=NC(=C([H])S1)C1=C([H])C([H])=C([H])C(OC([H])([H])[H])=C1[H]	116.38
[H]N(\N=C(/[H])C1=C([H])N([H])C2=C1C([H])=C([H])C([H])=C2[H])C1=NC(=C([H])S1)C1=C([H])C([H])=C([H])C(OC([H])([H])[H])=C1[H]	800
[H]N(\N=C(\C1=C([H])C2=C(OC1=O)C([H])=C([H])C([H])=C2[H])C([H])([H])[H])C1=NC(=C([H])S1)C1=C([H])C([H])=C([H])C(OC([H])([H])[H])=C1[H]	6970
CC1CCC\C(C1)=N\NC1=NC(=CS1)C1=CC=CC=C1	1520
CC1=CC2=C(N1)C=CC(NC(=O)C1=CC=CC=C1)=C2	2745
CC1=CC2=C(N1)C=CC(NC(=O)C1=CC=CC(Cl)=C1)=C2	545
CC1=CC2=C(N1)C=CC(NC(=O)\C=C\C1=CC=CC(Cl)=C1)=C2	7030
CC1=CC2=C(N1)C=CC(NC(=O)C1CCCCC1)=C2	4980
CC1=CC2=C(N1)C=CC(NC(=O)C1=CC=C(Cl)C(Cl)=C1)=C2	45
O=C(OC1=CC2=C(OC(=O)C2)C=C1)C1=CC=CC=C1	6360
ClC1=CC(=CC=C1)C(=O)OC1=CC2=C(OC(=O)C2)C=C1	710
O=C(OC1=CC2=C(OC(=O)C2)C=C1)\C=C\C1=CC=CC=C1	860
ClC1=CC(\C=C\C(=O)OC2=CC3=C(OC(=O)C3)C=C2)=CC=C1	315
[H]N1C2=C([H])C(OC([H])([H])C3([H])C([H])([H])C([H])([H])C([H])([H])C([H])([H])C3([H])[H])=C([H])C([H])=C2C2=C1C(=NC([H])=C2[H])C([H])([H])[H]	221.6
[H]N1C(=O)C(=O)C2=C([H])C(OC([H])([H])C3=C([H])C([H])=C([H])C([H])=C3[H])=C([H])C([H])=C12	73.5
[H]N1C(=O)C(=O)C2=C([H])C([H])=C(OC([H])([H])C3=C([H])C([H])=C([H])C([H])=C3[H])C([H])=C12	98.5
[H]N1C(=O)C(=O)C2=C([H])C(=C([H])C([H])=C12)C([H])([H])C([H])([H])C1=C([H])C([H])=C([H])C([H])=C1[H]	1001.5
[H]N1C(=O)C(=O)C2=C([H])C([H])=C(C([H])=C12)C([H])([H])C([H])([H])C1=C([H])C([H])=C([H])C([H])=C1[H]	7105
[H]N1C(=O)C(=O)C2=C([H])C(OC3=C([H])C([H])=C([H])C([H])=C3[H])=C([H])C([H])=C12	1101.5
[H]N1C(=O)C(=O)C2=C([H])C([H])=C(OC3=C([H])C([H])=C([H])C([H])=C3[H])C([H])=C12	7090
[H]N1C(=O)C(=O)C2=C([H])C(=C([H])C([H])=C12)C1=C([H])C([H])=C([H])C([H])=C1[H]	851.5
[H]N1C(=O)C(=O)C2=C([H])C([H])=C(C([H])=C12)C1=C([H])C([H])=C([H])C([H])=C1[H]	6095
[H]N1C(=O)C(=O)C2=C([H])C(=C([H])C([H])=C12)C([H])([H])C([H])([H])C([H])([H])C([H])([H])C1=C([H])C([H])=C([H])C([H])=C1[H]	0.47
[H]N1C(=O)C(=O)C2=C([H])C(OC3=C([H])C([H])=C(Cl)C([H])=C3[H])=C([H])C([H])=C12	47
[H]N([H])C1=C([H])C([H])=C(OC([H])([H])C2=C([H])C([H])=C([H])C([H])=C2[H])C([H])=C1[H]	9155
[H]N([H])C1=C([H])C([H])=C(C([H])=C1[H])C([H])([H])C([H])([H])C([H])([H])C([H])([H])C1=C([H])C([H])=C([H])C([H])=C1[H]	3970
[H]N([H])C1=C([H])C([H])=C(\C([H])=C(/[H])C2=C([H])C([H])=C([H])C([H])=C2[H])C([H])=C1[H]	4535
[H]N([H])C1=C([H])C(\C([H])=C(/[H])C2=C([H])C([H])=C([H])C([H])=C2[H])=C([H])C([H])=C1[H]	4105
[H]N(C(=O)C1=C([H])OC2=C([H])C([H])=C([H])C([H])=C2C1=O)C1=C([H])C([H])=C([H])C([H])=C1[H]	400
[H]N(C(=O)C1=C([H])OC2=C([H])C([H])=C([H])C([H])=C2C1=O)C1=C([H])C([H])=C(I)C([H])=C1[H]	69
[H]N(C(=O)C1=C([H])OC2=C([H])C([H])=C([H])C([H])=C2C1=O)C1=C([H])C([H])=C(OC([H])([H])[H])C([H])=C1[H]	450
[H]N(C(=O)C1=C([H])OC2=C([H])C([H])=C([H])C([H])=C2C1=O)C1=C([H])C([H])=C(SC([H])([H])[H])C([H])=C1[H]	120
[H]N(C(=O)C1=C([H])OC2=C([H])C([H])=C([H])C([H])=C2C1=O)C1=C([H])C([H])=C(C([H])=C1[H])C([H])([H])[H]	68
[H]C1=C([H])C(=C([H])C([H])=C1Cl)C([H])([H])[C@]1([H])C(=O)C2=C(OC1([H])[H])C([H])=C(Cl)C([H])=C2Cl	4590
[H]C1=C([H])C(=C([H])C([H])=C1Cl)C([H])([H])[C@]1([H])C(=O)C2=C(OC1([H])[H])C([H])=C([H])C(Cl)=C2[H]	3070
[H]C1=C([H])C2=C(C([H])=C1[H])C(=O)[C@@]([H])(C([H])([H])C1=C([H])C([H])=C(Cl)C([H])=C1[H])C([H])([H])O2	7370
[H]C1=C(C(=O)C2=C(O1)C([H])=C(Cl)C([H])=C2Cl)C([H])([H])C1=C([H])C([H])=C(Cl)C([H])=C1[H]	238.6
[H]\C(C1=C(OC([H])([H])[H])C(OC([H])([H])[H])=C(OC([H])([H])[H])C([H])=C1[H])=C1/C(=O)C2=C([H])C([H])=C([H])C([H])=C2OC1([H])[H]	1310
[H]\C(C1=C(OC([H])([H])[H])C(OC([H])([H])[H])=C([H])C([H])=C1[H])=C1/C(=O)C2=C([H])C([H])=C([H])C([H])=C2OC1([H])[H]	1920
[H]\C(C1=C(OC([H])([H])[H])C([H])=C(OC([H])([H])[H])C([H])=C1[H])=C1/C(=O)C2=C([H])C([H])=C([H])C([H])=C2OC1([H])[H]	247.51
[H]OC1=C(\C([H])=C2\C(=O)C3=C([H])C([H])=C([H])C([H])=C3OC2([H])[H])C([H])=C([H])C(OC([H])([H])[H])=C1[H]	1330
[H]OC1=C(N([H])[H])C([H])=C(\C([H])=C2\C(=O)C3=C(OC2([H])[H])C([H])=C([H])C([H])=C3[H])C([H])=C1[H]	483.88
[H]OC1=C(C([H])=C(\C([H])=C2\C(=O)C3=C([H])C([H])=C([H])C([H])=C3OC2([H])[H])C([H])=C1[H])[N+]([O-])=O	490.84
[H]OC1=C(O[H])C([H])=C(\C([H])=C2\C(=O)C3=C([H])C([H])=C([H])C([H])=C3OC2([H])[H])C([H])=C1[H]	140.52
[H]OC1=C(OC([H])([H])[H])C([H])=C([H])C(\C([H])=C2\C(=O)C3=C([H])C([H])=C([H])C([H])=C3OC2([H])[H])=C1[H]	476.51
[H]OC1=C(OC([H])([H])[H])C([H])=C(\C([H])=C2\C(=O)C3=C([H])C([H])=C([H])C([H])=C3OC2([H])[H])C([H])=C1[H]	104.34
[H]\C(C1=C([H])C([H])=C(C([H])=C1[H])N(C([H])([H])[H])C([H])([H])[H])=C1/C(=O)C2=C([H])C([H])=C([H])C([H])=C2OC1([H])[H]	8.51
[H]N(C(=O)C([H])([H])[H])C1=C([H])C([H])=C(\C([H])=C2\C(=O)C3=C([H])C([H])=C([H])C([H])=C3OC2([H])[H])C([H])=C1[H]	1060
[H]N([H])C1=C([H])C([H])=C(\C([H])=C2\C(=O)C3=C([H])C([H])=C([H])C([H])=C3OC2([H])[H])C([H])=C1[H]	879.18
[H]\C(C1=C([H])C([H])=C([H])C([H])=C1[H])=C1/C(=O)C2=C([H])C(Cl)=C([H])C([H])=C2OC1([H])[H]	331.11
[H]OC1=C([H])C([H])=C(\C([H])=C2\C(=O)C3=C(O[H])C([H])=C(O[H])C([H])=C3OC2([H])[H])C([H])=C1[H]	8.61
[H]\C(C1=C([H])C([H])=C(OC([H])([H])[H])C([H])=C1[H])=C1/C(=O)C2=C(OC([H])([H])[H])C([H])=C(OC([H])([H])[H])C([H])=C2OC1([H])[H]	1570
[H]\C(C1=C([H])C([H])=C(OC([H])([H])[H])C([H])=C1[H])=C1/C(=O)C2=C([H])C([H])=C([H])C([H])=C2OC1([H])[H]	58.9
[H]\C(C1=C([H])C([H])=C(Cl)C([H])=C1[H])=C1/C(=O)C2=C(Cl)C([H])=C(Cl)C([H])=C2OC1([H])[H]	13.03
[H]\C(C1=C([H])C([H])=C(Cl)C([H])=C1[H])=C1/C(=O)C2=C([H])C(Cl)=C([H])C([H])=C2OC1([H])[H]	31.82
[H]\C(C1=C([H])C([H])=C(Cl)C([H])=C1[H])=C1/C(=O)C2=C([H])C([H])=C([H])C([H])=C2OC1([H])[H]	154.23
[H]OC1=C([H])C([H])=C(\C([H])=C2\C(=O)C3=C([H])C([H])=C([H])C([H])=C3OC2([H])[H])C([H])=C1[H]	55.37
[H]\C(C1=C([H])C([H])=C([H])C([H])=C1[H])=C1/C(=O)C2=C([H])C([H])=C([H])C([H])=C2OC1([H])[H]	479.7
[H]C1=C([H])C([H])=C(C([H])=C1[H])C1=C([H])C2=C([H])C(=C([H])C([H])=C2OC1=O)C([H])([H])[H]	283.75
[H]C1=C2OC(=O)C(=C([H])C2=C([H])C(=C1[H])C([H])([H])[H])C1=C([H])C(OC([H])([H])[H])=C([H])C(OC([H])([H])[H])=C1[H]	8.98
[H]C1=C2OC(=O)C(=C([H])C2=C([H])C(=C1[H])C([H])([H])[H])C1=C([H])C(OC([H])([H])[H])=C(OC([H])([H])[H])C(OC([H])([H])[H])=C1[H]	160.64
[H]C1=C([H])C(=C([H])C(=C1[H])C([H])([H])[H])C1=C([H])C2=C(OC1=O)C([H])=C([H])C(OC([H])([H])[H])=C2[H]	17.05
[H]C1=C([H])C2=C(C([H])=C1OC([H])([H])[H])C([H])=C(C(=O)O2)C1=C([H])C([H])=C(C([H])=C1[H])C([H])([H])[H]	1.52
[H]OC1=C([H])C2=C(OC(=O)C(=C2[H])C2=C([H])C([H])=C(C([H])=C2[H])C([H])([H])[H])C([H])=C1[H]	67.1
[H]C1=C([H])C2=C(C([H])=C1OC([H])([H])C(=O)C([H])([H])[H])C([H])=C(C(=O)O2)C1=C([H])C([H])=C(C([H])=C1[H])C([H])([H])[H]	5520
[H]C1=C([H])C(=C([H])C2=C1OC(=O)C(=C2[H])C1=C([H])C([H])=C(C([H])=C1[H])C([H])([H])[H])C([H])([H])[H]	0.31
[H]C1=C([H])C(=C([H])C(=C1[H])C([H])([H])[H])C1=C([H])C2=C(OC1=O)C([H])=C([H])C(=C2[H])C([H])([H])[H]	15.01
[H]C1=C([H])C(=C([H])C(OC([H])([H])[H])=C1OC([H])([H])[H])C1=C([H])C2=C(OC1=O)C([H])=C([H])C(=C2[H])C([H])([H])[H]	2.73
[H]C1=C([H])C(=C([H])C(Br)=C1OC([H])([H])[H])C1=C([H])C2=C(OC1=O)C([H])=C([H])C(=C2[H])C([H])([H])[H]	0.74
[H]C1=C([H])C(=C([H])C(OC([H])([H])[H])=C1Br)C1=C([H])C2=C(OC1=O)C([H])=C([H])C(=C2[H])C([H])([H])[H]	3.25
[H]OC1=C([H])C([H])=C([H])C(=C1[H])C1=C([H])C2=C(OC1=O)C([H])=C([H])C(=C2[H])C([H])([H])[H]	650.03
[H]OC1=C(C([H])=C([H])C([H])=C1[H])C1=C([H])C2=C(OC1=O)C([H])=C([H])C(=C2[H])C([H])([H])[H]	120.02
[H]C1=C([H])C(OC([H])([H])C(=O)C([H])([H])[H])=C([H])C(=C1[H])C1=C([H])C2=C(OC1=O)C([H])=C([H])C(=C2[H])C([H])([H])[H]	180.04
[H]N([H])C(=O)N1N=C(C2=C([H])C([H])=C([H])C([H])=C2[H])C([H])([H])[C@@]1([H])C1=C([H])C([H])=C(C([H])=C1[H])C([H])([H])[H]	3200
[H]N([H])C(=O)N1N=C(C2=C([H])C([H])=C([H])C([H])=C2[H])C([H])([H])[C@@]1([H])C1=C([H])C([H])=NC([H])=C1[H]	4790
[H]N([H])C(=O)N1N=C(C2=C([H])C([H])=C([H])C([H])=C2[H])C([H])([H])[C@@]1([H])C1=C([H])C([H])=C(OC([H])([H])[H])C([H])=C1[H]	1880
[H]N([H])C(=O)N1N=C(C2=C([H])C([H])=C([H])C([H])=C2[H])C([H])([H])[C@@]1([H])C1=C([H])C([H])=C(Cl)C([H])=C1[H]	1660
[H]N([H])C(=S)N1N=C(C2=C([H])C([H])=C([H])C([H])=C2[H])C([H])([H])[C@@]1([H])C1=C([H])C([H])=NC([H])=C1[H]	4000
[H]N=C(N([H])[H])N1N=C(C2=C([H])C([H])=C([H])C([H])=C2[H])C([H])([H])[C@@]1([H])C1=C([H])C([H])=C(C([H])=C1[H])C([H])([H])[H]	4110
[H]N=C(N([H])[H])N1N=C(C2=C([H])C([H])=C([H])C([H])=C2[H])C([H])([H])[C@@]1([H])C1=C([H])C([H])=C(Cl)C([H])=C1[H]	4220
[H]N=C(N([H])[H])N1N=C(C2=C([H])C([H])=C([H])C([H])=C2[H])C([H])([H])[C@@]1([H])C1=C([H])C([H])=NC([H])=C1[H]	4800
[H]C1=C([H])C(=C([H])C([H])=C1OC([H])([H])[H])C1=C([H])C2=C([H])C(Br)=C([H])C(OC([H])([H])[H])=C2OC1=O	1.35
[H]N1C(=O)C2=C([H])C([H])=C(OC([H])([H])C(\[H])=C(/[H])C3=C([H])C([H])=C([H])C([H])=C3[H])C([H])=C2C1=O	33
[H]N1C(=O)C2=C([H])C([H])=C(OC3=C([H])C([H])=C4C([H])=C([H])C([H])=C([H])C4=C3[H])C([H])=C2C1=O	21.5
[H]N1C(=O)C2=C([H])C([H])=C(OC([H])([H])C3=C([H])C([H])=C(Br)C([H])=C3[H])C([H])=C2C1=O	4.95
[H]N1C(=O)C2=C([H])C([H])=C(OC([H])([H])C([H])([H])C3=C([H])C([H])=C(Br)C([H])=C3[H])C([H])=C2C1=O	48
[H]N1C(=O)C2=C([H])C([H])=C(OC3=C([H])C([H])=C(Br)C([H])=C3[H])C([H])=C2C1=O	39.5
[H]N1C(=O)C2=C([H])C([H])=C(OC3=C([H])C([H])=C([H])C([H])=C3[H])C([H])=C2C1=O	1781.5
[H]N1C(=O)C2=C([H])C([H])=C(OC([H])([H])C3=C([H])C([H])=C([H])C([H])=C3[H])C([H])=C2C1=O	31
[H]N1C(=O)C2=C([H])C([H])=C(OC([H])([H])C([H])([H])C3=C([H])C([H])=C([H])C([H])=C3[H])C([H])=C2C1=O	12
[H]N1C(=O)C2=C([H])C([H])=C(OC([H])([H])C([H])([H])C([H])([H])C3=C([H])C([H])=C([H])C([H])=C3[H])C([H])=C2C1=O	35
[H]C1=C([H])C([H])=C(C([H])=C1[H])C1=C([H])C2=C([H])C(Br)=C([H])C(OC([H])([H])[H])=C2OC1=O	83.48
[H]C1=C([H])C([H])=C(C([H])=C1[H])C([H])([H])C([H])([H])C([H])([H])OC1=NC2=C(N1C([H])([H])[H])C(=O)N(C(=O)N2C([H])([H])[H])C([H])([H])[H]	532.5
[H]C1=C([H])C([H])=C(C([H])=C1[H])C([H])([H])C([H])([H])OC1=NC2=C(N1C([H])([H])[H])C(=O)N(C(=O)N2C([H])([H])[H])C([H])([H])[H]	2551.5
[H]C1=C([H])C([H])=C(OC2=NC3=C(N2C([H])([H])[H])C(=O)N(C(=O)N3C([H])([H])[H])C([H])([H])[H])C([H])=C1[H]	9272.5
[H]C1=C([H])C(=C([H])C([H])=C1Cl)C([H])([H])OC1=NC2=C(N1C([H])([H])[H])C(=O)N(C(=O)N2C([H])([H])[H])C([H])([H])[H]	56.5
[H]C1=C([H])C(=C([H])C([H])=C1Br)C([H])([H])OC1=NC2=C(N1C([H])([H])[H])C(=O)N(C(=O)N2C([H])([H])[H])C([H])([H])[H]	53.5
[H]C1=C([H])C([H])([H])[C@]([H])(C([H])([H])OC2=NC3=C(N2C([H])([H])[H])C(=O)N(C(=O)N3C([H])([H])[H])C([H])([H])[H])C([H])([H])C1([H])[H]	2590
[H]C([H])([H])N1C(OC([H])([H])C2([H])C([H])([H])C([H])([H])C([H])([H])C([H])([H])C2([H])[H])=NC2=C1C(=O)N(C(=O)N2C([H])([H])[H])C([H])([H])[H]	1182.5
[H]C([H])([H])N1C(OC([H])([H])C2([H])C([H])([H])C([H])([H])C([H])([H])C2([H])[H])=NC2=C1C(=O)N(C(=O)N2C([H])([H])[H])C([H])([H])[H]	7056.5
[H]C1=C([H])C([H])=C(OC([H])([H])C([H])([H])OC2=NC3=C(N2C([H])([H])[H])C(=O)N(C(=O)N3C([H])([H])[H])C([H])([H])[H])C([H])=C1[H]	331.5
[H]C1=C([H])C([H])=C(C([H])=C1[H])C([H])([H])OC([H])([H])C([H])([H])OC1=NC2=C(N1C([H])([H])[H])C(=O)N(C(=O)N2C([H])([H])[H])C([H])([H])[H]	3266
[H]C1=C([H])C(OC([H])([H])C([H])([H])OC2=NC3=C(N2C([H])([H])[H])C(=O)N(C(=O)N3C([H])([H])[H])C([H])([H])[H])=C([H])C([H])=C1Br	135
[H]C1=C([H])C(OC([H])([H])C([H])([H])OC2=NC3=C(N2C([H])([H])[H])C(=O)N(C(=O)N3C([H])([H])[H])C([H])([H])[H])=C([H])C([H])=C1Cl	156.5
[H]C1=C([H])C(=C([H])C([H])=C1Cl)[C@]1([H])OC(=NN1C(=O)C([H])([H])[H])C1=C([H])C([H])=C(C([H])=C1[H])[N+]([O-])=O	121.62
[H]C1=C([H])C(=C([H])C([H])=C1Cl)C1=NN(C(=O)C([H])([H])[H])[C@]([H])(O1)C1=C([H])C([H])=C(Cl)C([H])=C1[H]	115.31
[H]C1=C([H])C(=C([H])C([H])=C1Cl)[C@]1([H])OC(=NN1C(=O)C([H])([H])[H])C1=C([H])C([H])=C(Br)C([H])=C1[H]	220.61
[H]C1=C([H])C([H])=C(C([H])=C1[H])C1=NN(C(=O)C([H])([H])[H])[C@@]([H])(O1)C1=C([H])C([H])=C(OC([H])([H])[H])C([H])=C1[H]	5160
[H]C1=C([H])C([H])=C(C([H])=C1[H])C1=NN(C(=O)C([H])([H])[H])[C@]([H])(O1)C1=C([H])C([H])=C(F)C([H])=C1[H]	9530
[H]C1=C([H])C([H])=C(C([H])=C1[H])C([H])([H])OC1=C([H])C([H])=C2C([H])=C(C(=O)OC([H])([H])C([H])([H])[H])C(=O)OC2=C1[H]	7.01
[H]N([H])N([H])C(=O)C1=C([H])C2=C([H])C([H])=C([H])C([H])=C2OC1=O	3.22
[H]C1=C([H])C(=C([H])C(Cl)=C1Cl)C([H])([H])OC1=C([H])C([H])=C2C([H])=C(C(=O)OC([H])([H])C([H])([H])[H])C(=O)OC2=C1[H]	9.47
[H]C1=C(OC2([H])C([H])([H])C([H])([H])C([H])([H])C([H])([H])C([H])([H])C2([H])[H])C([H])=C2OC(=O)C(=C([H])C2=C1[H])C(=O)OC([H])([H])C([H])([H])[H]	21.47
[H]C1=C([H])C(=C([H])C(Cl)=C1[H])C([H])([H])OC1=C([H])C([H])=C2C([H])=C(C(=O)OC([H])([H])C([H])([H])[H])C(=O)OC2=C1[H]	61.2
[H]C1=C(Cl)C([H])=C2C([H])=C(C(=O)C([H])([H])[H])C(=O)OC2=C1Br	140
[H]C1=C(Br)C([H])=C2C([H])=C(C(=O)C([H])([H])[H])C(=O)OC2=C1Br	200
[H]OC(=O)C1=C([H])C2=C([H])C([H])=C(OC([H])([H])C3=C([H])C(Cl)=C(Cl)C([H])=C3[H])C([H])=C2OC1=O	410
[H]N(N([H])C1=C([H])C([H])=C(Cl)C([H])=C1[H])C(=O)C1=C([H])C2=C([H])C([H])=C([H])C([H])=C2OC1=O	1190
[H]OC(=O)C1=C([H])C2=C([H])C([H])=C(OC([H])([H])C3=C([H])C(Cl)=C([H])C([H])=C3[H])C([H])=C2OC1=O	1800
[H]C1=C([H])C([H])=C2C(C([H])=C([H])C3=C2C([H])=C(C(=O)C([H])([H])[H])C(=O)O3)=C1[H]	2010
[H]OC(=O)C1=C([H])C2=C([H])C([H])=C(OC3([H])C([H])([H])C([H])([H])C([H])([H])C([H])([H])C([H])([H])C3([H])[H])C([H])=C2OC1=O	8620
[H]N(N([H])C1=C([H])C([H])=C([H])C([H])=C1[H])C(=O)C1=C([H])C2=C([H])C([H])=C([H])C([H])=C2OC1=O	4520
[H]C1=C([H])C(=C([H])C([H])=C1C([H])([H])OC1=C([H])C([H])=C2C([H])=C(C(=O)OC([H])([H])C([H])([H])[H])C(=O)OC2=C1[H])C(C([H])([H])[H])(C([H])([H])[H])C([H])([H])[H]	3750
[H]N(C(=O)C1=C([H])OC2=C([H])C([H])=C([H])C([H])=C2C1=O)C1=C([H])C([H])=C(Cl)C([H])=C1[H]	63
[H]OC1=C([H])C([H])=C(N([H])C(=O)C2=C([H])OC3=C([H])C([H])=C([H])C([H])=C3C2=O)C([H])=C1[H]	64
[H]OC1=C([H])C(N([H])C(=O)C2=C([H])OC3=C([H])C([H])=C([H])C([H])=C3C2=O)=C([H])C([H])=C1OC([H])([H])[H]	76
[H]N(C(=O)C1=C([H])OC2=C([H])C([H])=C([H])C([H])=C2C1=O)C1=C([H])C([H])=C(C([H])=C1[H])C(F)(F)F	110
[H]OC1=C([H])C([H])=C(N([H])C(=O)C2=C([H])OC3=C([H])C([H])=C([H])C([H])=C3C2=O)C([H])=C1O[H]	160
[H]N(C(=O)C1=C([H])OC2=C([H])C([H])=C([H])C([H])=C2C1=O)C1([H])C([H])([H])C([H])([H])C([H])([H])C([H])([H])C1([H])[H]	930
[H]N(C(=O)C1=C([H])OC2=C([H])C([H])=C([H])C([H])=C2C1=O)C1=C([H])C([H])=C(OC(F)(F)F)C([H])=C1[H]	1080
[H]N(C(=O)C1=C([H])OC2=C([H])C([H])=C([H])C([H])=C2C1=O)C1=C([H])C([H])=C(OC([H])([H])[H])C(OC([H])([H])[H])=C1[H]	2330
[H]OC1=C([H])C([H])=C(N([H])C(=O)C2=C([H])C(=O)C3=C([H])C([H])=C([H])C([H])=C3O2)C([H])=C1O[H]	2660
[H]OC1=NC(=O)S[C@]1([H])C([H])([H])C1=C([H])C(=C(O[H])C(=C1[H])C(C([H])([H])[H])(C([H])([H])[H])C([H])([H])[H])C(C([H])([H])[H])(C([H])([H])[H])C([H])([H])[H]	2380
[H]OC1=C([H])C([H])=C(\C([H])=C2/SC(=S)N([H])C2=O)C([H])=C1OC([H])([H])[H]	2490
[H]OC1=C(Br)C([H])=C(\C([H])=C2\SC(=O)N([H])C2=O)C([H])=C1Br	1020
[H]\C(=C1\SC(=O)N(C1=O)C([H])([H])C([H])([H])C#N)C1=C([H])C([H])=C([H])C([H])=C1[H]	2290
[H]N([H])C([H])([H])C([H])([H])N1C(=O)S\C(=C(\[H])C2=C([H])C([H])=C(OC([H])([H])C([H])([H])[H])C([H])=C2[H])C1=O	82
[H]N([H])C([H])([H])C([H])([H])N1C(=O)S\C(=C(\[H])C2=C([H])C([H])=C(C([H])=C2[H])N(C([H])([H])[H])C([H])([H])[H])C1=O	195
[H]N(C(=O)C(\[H])=C(/[H])C1=C([H])C([H])=C([H])C([H])=C1[H])C1=C([H])C([H])=C([H])C([H])=C1[H]	5650
[H]N(C(=O)C(\[H])=C(/[H])C1=C([H])C([H])=C([H])C([H])=C1[H])C1=C([H])C(=C([H])C([H])=C1[H])C([H])([H])[H]	4500
[H]N(C(=O)C(\[H])=C(/[H])C1=C([H])C([H])=C([H])C([H])=C1[H])C1=C([H])C(Cl)=C([H])C([H])=C1[H]	532
[H]N(C(=O)C(\[H])=C(/[H])C1=C([H])C([H])=C([H])C([H])=C1[H])C1=C([H])C(Br)=C([H])C([H])=C1[H]	447
[H]N(C(=O)C(\[H])=C(/[H])\C(\[H])=C(/[H])C1=C([H])C([H])=C([H])C([H])=C1[H])C1=C([H])C([H])=C([H])C([H])=C1[H]	5160
[H]N(C(=O)C(\[H])=C(/[H])\C(\[H])=C(/[H])C1=C([H])C([H])=C([H])C([H])=C1[H])C1=C([H])C([H])=C([H])C(=C1[H])C([H])([H])[H]	6650
[H]N(C(=O)C(\[H])=C(/[H])\C(\[H])=C(/[H])C1=C([H])C([H])=C([H])C([H])=C1[H])C1=C([H])C([H])=C([H])C(Cl)=C1[H]	2200
[H]N(C(=O)C(\[H])=C(/[H])\C(\[H])=C(/[H])C1=C([H])C([H])=C([H])C([H])=C1[H])C1=C([H])C([H])=C([H])C(Br)=C1[H]	2730
[H]OC1=C([H])C(\C([H])=C(/[H])C(=O)N([H])C2=C([H])C([H])=C([H])C(Cl)=C2[H])=C([H])C([H])=C1[H]	1330
[H]OC1=C([H])C(\C([H])=C(/[H])C(=O)N([H])C2=C([H])C([H])=C([H])C(Br)=C2[H])=C([H])C([H])=C1[H]	1010
[H]OC1=C([H])C([H])=C(\C([H])=C(/[H])C(=O)N([H])C2=C([H])C([H])=C([H])C(Cl)=C2[H])C([H])=C1[H]	32
[H]OC1=C([H])C([H])=C(\C([H])=C(/[H])C(=O)N([H])C2=C([H])C([H])=C([H])C(Br)=C2[H])C([H])=C1[H]	26
[H]N(C(=O)C(\[H])=C(/[H])C1=C([H])C([H])=C([H])C(C#N)=C1[H])C1=C([H])C([H])=C([H])C(Cl)=C1[H]	90
[H]N(C(=O)C(\[H])=C(/[H])C1=C([H])C([H])=C([H])C(C#N)=C1[H])C1=C([H])C([H])=C([H])C(Br)=C1[H]	59
[H]N(C(=O)C(\[H])=C(/[H])C1=C([H])C([H])=C(C#N)C([H])=C1[H])C1=C([H])C([H])=C([H])C(Cl)=C1[H]	407
[H]N(C(=O)C(\[H])=C(/[H])C1=C([H])C([H])=C(C#N)C([H])=C1[H])C1=C([H])C([H])=C([H])C(Br)=C1[H]	289
[H]C1=C([H])C(=O)C2=C(O1)C([H])=C([H])C(OC([H])([H])C1=C([H])C([H])=C([H])C([H])=C1[H])=C2[H]	53
[H]C1=C([H])C(=O)C2=C([H])C(OC([H])([H])C([H])([H])C3=C([H])C([H])=C([H])C([H])=C3[H])=C([H])C([H])=C2O1	21
[H]C1=C([H])C(=O)C2=C([H])C(OC([H])([H])C([H])([H])C([H])([H])C3=C([H])C([H])=C([H])C([H])=C3[H])=C([H])C([H])=C2O1	57
[H]C1=C([H])C(=O)C2=C([H])C(OC([H])([H])C3=C([H])C(Cl)=C([H])C([H])=C3[H])=C([H])C([H])=C2O1	3.6
[H]C1=C([H])C(=O)C2=C([H])C(OC([H])([H])C3=C([H])C([H])=C(Cl)C([H])=C3[H])=C([H])C([H])=C2O1	2
[H]C1=C([H])C(=O)C2=C([H])C(OC([H])([H])C3=C([H])C(Br)=C([H])C([H])=C3[H])=C([H])C([H])=C2O1	2
[H]C1=C([H])C(=O)C2=C([H])C(OC([H])([H])C3=C([H])C([H])=C(Br)C([H])=C3[H])=C([H])C([H])=C2O1	3.3
[H]C1=C([H])C(=O)C2=C([H])C(OC([H])([H])C3=C([H])C(F)=C([H])C([H])=C3[H])=C([H])C([H])=C2O1	13
[H]C1=C([H])C(=O)C2=C([H])C(OC([H])([H])C3=C([H])C([H])=C(F)C([H])=C3[H])=C([H])C([H])=C2O1	8.4
[H]C1=C([H])C(=O)C2=C([H])C(OC([H])([H])C3=C([H])C(=C([H])C([H])=C3[H])C([H])([H])[H])=C([H])C([H])=C2O1	19
[H]C1=C([H])C(=O)C2=C([H])C(OC([H])([H])C3=C([H])C([H])=C(C([H])=C3[H])C([H])([H])[H])=C([H])C([H])=C2O1	6
[H]C1=C([H])C(=O)C2=C([H])C(OC([H])([H])C3=C([H])C(C#N)=C([H])C([H])=C3[H])=C([H])C([H])=C2O1	76
[H]C1=C([H])C(=O)C2=C([H])C(OC([H])([H])C3=C([H])C([H])=C(C#N)C([H])=C3[H])=C([H])C([H])=C2O1	22
[H]C1=C([H])C(=O)C2=C([H])C(OC([H])([H])C3=C([H])C([H])=C(C([H])=C3[H])C(F)(F)F)=C([H])C([H])=C2O1	2
[H]C1=C([H])C(=O)C2=C([H])C(OC([H])([H])C([H])([H])C3=C([H])C([H])=C(Br)C([H])=C3[H])=C([H])C([H])=C2O1	27
[H]N1C(=O)S\C(=C(/[H])C2=C([H])C([H])=C(Br)C([H])=C2[H])C1=O	228
[H]C1=C([H])C([H])=C(C([H])=C1[H])C1=NN(C2=C([H])C([H])=C(C([H])=C2[H])[N+]([O-])=O)[C@@]([H])(OC([H])([H])C([H])([H])[H])C1([H])[H]	921
[H]N(C(=O)N1C2=C([H])C([H])=C([H])C([H])=C2C([H])([H])C1([H])[H])C1=C([H])C([H])=C(OC([H])([H])[H])C([H])=C1[H]	2620
[H]\C(=C1\OC2=C([H])C([H])=C([H])C([H])=C2C1=O)C1=C([H])C([H])=C(C([H])=C1[H])N(C([H])([H])[H])C([H])([H])[H]	99
[H]\C(=C1\OC2=C([H])C(=C([H])C([H])=C2C1=O)C([H])([H])[H])C1=C([H])C([H])=C([H])C([H])=C1[H]	3350
[H]OC1=C([H])C([H])=C2C(O\C(=C(\[H])C3=C([H])C([H])=C(C([H])=C3[H])N(C([H])([H])[H])C([H])([H])[H])C2=O)=C1[H]	242
[H]\C(=C1\OC2=C([H])C([H])=C([H])C([H])=C2C1=O)C1=C([H])C([H])=C(Cl)C([H])=C1[H]	305
[H]N([H])C([H])([H])C([H])([H])C([H])([H])[C@@]([H])(N([H])C1=C2N=C([H])C([H])=C(C2=C(OC2=C(F)C([H])=C([H])C([H])=C2[H])C(OC([H])([H])[H])=C1[H])C([H])([H])[H])C([H])([H])[H]	3830
[H]N([H])C([H])([H])C([H])([H])C([H])([H])[C@@]([H])(N([H])C1=C2N=C([H])C([H])=C(C2=C(OC2=C([H])C([H])=C(F)C(F)=C2[H])C(OC([H])([H])[H])=C1[H])C([H])([H])[H])C([H])([H])[H]	3650
[H]N([H])C([H])([H])C([H])([H])C([H])([H])[C@@]([H])(N([H])C1=C2N=C([H])C([H])=C(C2=C(OC2=C([H])C([H])=C(C([H])=C2[H])C(F)(F)F)C(OC([H])([H])[H])=C1[H])C([H])([H])[H])C([H])([H])[H]	150
[H]N([H])C([H])([H])C([H])([H])C([H])([H])[C@@]([H])(N([H])C1=C2N=C([H])C([H])=C(C2=C(OC2=C(Br)C([H])=C([H])C([H])=C2[H])C(OC([H])([H])[H])=C1[H])C([H])([H])[H])C([H])([H])[H]	1580
[H]N([H])C([H])([H])C([H])([H])C([H])([H])[C@@]([H])(N([H])C1=C2N=C([H])C([H])=C(C2=C(OC2=C([H])C(Br)=C([H])C([H])=C2[H])C(OC([H])([H])[H])=C1[H])C([H])([H])[H])C([H])([H])[H]	1540
[H]N([H])C([H])([H])C([H])([H])C([H])([H])[C@@]([H])(N([H])C1=C2N=C([H])C([H])=C(C2=C(OC2=C(Cl)C([H])=C([H])C([H])=C2[H])C(OC([H])([H])[H])=C1[H])C([H])([H])[H])C([H])([H])[H]	2250
[H]N([H])C([H])([H])C([H])([H])C([H])([H])[C@@]([H])(N([H])C1=C2N=C([H])C([H])=C(C2=C(OC2=C([H])C(Cl)=C([H])C([H])=C2[H])C(OC([H])([H])[H])=C1[H])C([H])([H])[H])C([H])([H])[H]	2530
[H]N([H])C([H])([H])C([H])([H])C([H])([H])[C@@]([H])(N([H])C1=C2N=C([H])C([H])=C(C2=C(OC2=C([H])C([H])=C(Cl)C([H])=C2[H])C(OC([H])([H])[H])=C1[H])C([H])([H])[H])C([H])([H])[H]	4300
[H]N([H])C([H])([H])C([H])([H])C([H])([H])[C@]([H])(N([H])C1=C2N=C([H])C([H])=C(C2=C(OC2=C(Cl)C([H])=C(Cl)C([H])=C2[H])C(OC([H])([H])[H])=C1[H])C([H])([H])[H])C([H])([H])[H]	1540
[H]N([H])C([H])([H])C([H])([H])C([H])([H])[C@@]([H])(N([H])C1=C2N=C([H])C([H])=C(C2=C(OC2=C(Cl)C([H])=C(Cl)C(Cl)=C2[H])C(OC([H])([H])[H])=C1[H])C([H])([H])[H])C([H])([H])[H]	3530
[H]N([H])C([H])([H])C([H])([H])C([H])([H])[C@]([H])(N([H])C1=C2N=C([H])C([H])=C(C2=C(OC2=C([H])C(Cl)=C(Cl)C([H])=C2[H])C(OC([H])([H])[H])=C1[H])C([H])([H])[H])C([H])([H])[H]	550
[H]C1=C([H])C([H])=C2C(=C1[H])C([H])([H])N(C([H])([H])[H])C([H])([H])C2([H])[H]	1000
[H]C1=C([H])C(=C([H])C(Cl)=C1[H])C([H])([H])OC1=C([H])C([H])=C2C(=O)C3=C(N=NC(=C3[H])C([H])([H])[H])C2=C1[H]	135
[H]C1=C([H])C(=C([H])C(=C1[H])C([H])([H])[H])C([H])([H])OC1=C([H])C([H])=C2C(=O)C3=C(N=NC(=C3[H])C([H])([H])[H])C2=C1[H]	480
[H]C1=C([H])C([H])=C(C([H])=C1[H])C([H])([H])SC1=NC2=C(N1C([H])([H])[H])C(=O)N(C(=O)N2C([H])([H])[H])C([H])([H])[H]	1860
[H]C1=C([H])C([H])=C(C([H])=C1[H])C([H])([H])C([H])([H])SC1=NC2=C(N1C([H])([H])[H])C(=O)N(C(=O)N2C([H])([H])[H])C([H])([H])[H]	247
[H]C1=C([H])C([H])=C(OC([H])([H])C([H])([H])SC2=NC3=C(N2C([H])([H])[H])C(=O)N(C(=O)N3C([H])([H])[H])C([H])([H])[H])C([H])=C1[H]	332
[H]C1=C([H])C(=C([H])C([H])=C1Cl)C([H])([H])SC1=NC2=C(N1C([H])([H])[H])C(=O)N(C(=O)N2C([H])([H])[H])C([H])([H])[H]	192
[H]C1=C([H])C(=C([H])C([H])=C1Br)C([H])([H])SC1=NC2=C(N1C([H])([H])[H])C(=O)N(C(=O)N2C([H])([H])[H])C([H])([H])[H]	167
[H]C1=C([H])C(=C([H])C([H])=C1F)C([H])([H])SC1=NC2=C(N1C([H])([H])[H])C(=O)N(C(=O)N2C([H])([H])[H])C([H])([H])[H]	348
[H]C([H])([H])N1C(SC([H])([H])C([H])([H])C([H])(C([H])([H])[H])C([H])([H])[H])=NC2=C1C(=O)N(C(=O)N2C([H])([H])[H])C([H])([H])[H]	2620
[H]N(C1=NC2=C(N1C([H])([H])[H])C(=O)N(C(=O)N2C([H])([H])[H])C([H])([H])[H])C([H])([H])C([H])([H])C([H])([H])C([H])([H])C1=C([H])C([H])=C([H])C([H])=C1[H]	9600
[H]C1=C([H])C([H])=C(C([H])=C1[H])C([H])([H])C([H])([H])C([H])([H])C([H])([H])N(C1=NC2=C(N1C([H])([H])[H])C(=O)N(C(=O)N2C([H])([H])[H])C([H])([H])[H])C([H])([H])[H]	2970
[H]C1=C([H])C2=C(C([H])=C1[H])C(=O)C([H])=C([H])C2=O	1500
[H]C1=C([H])C2=C(C([H])=C1[H])C(=O)C(=C([H])C2=O)C([H])([H])[H]	400
[H]N1C2=C(C([H])=C([H])N=C2[H])C2=C1C([H])=C([H])C([H])=C2[H]	1200
[H]C1=C(C([H])=C2C(=O)C(=C(C(=O)C2=C1[H])C([H])([H])[H])C([H])([H])[H])C([H])([H])[H]	3000
[H]OC1=C(C(=O)OC2=C([H])C([H])=C([H])C([H])=C12)C1=C([H])C([H])=C(OC([H])([H])[H])C(Cl)=C1[H]	9260
[H]OC1=C(C(=O)OC2=C([H])C([H])=C(Cl)C([H])=C12)C1=C([H])C([H])=C(OC([H])([H])[H])C(Cl)=C1[H]	2790
[H]N(\N=C(/[H])C1=C([H])C([H])=C([H])C([H])=C1[H])C1=NC(=C([H])S1)C1=C([H])C([H])=C(F)C([H])=C1[H]	790
[H]N(\N=C(/[H])C1=C([H])C([H])=C(Cl)C([H])=C1[H])C1=NC(=C([H])S1)C1=C([H])C([H])=C(F)C([H])=C1[H]	1320
[H]N(\N=C(/[H])C1=C([H])C(OC([H])([H])[H])=C(OC([H])([H])[H])C([H])=C1[H])C1=NC(=C([H])S1)C1=C([H])C([H])=C(F)C([H])=C1[H]	2390
[H]N(\N=C(/[H])C1=C([H])C([H])=C(OC([H])([H])[H])C([H])=C1[H])C1=NC(=C([H])S1)C1=C([H])C([H])=C(F)C([H])=C1[H]	9240
[H]N(\N=C(/[H])C1=C(C([H])=C([H])C([H])=C1[H])C([H])([H])[H])C1=NC(=C([H])S1)C1=C([H])C([H])=C(F)C([H])=C1[H]	190
[H]C#CC([H])([H])N(C([H])([H])C([H])([H])F)[C@]([H])(C([H])([H])[H])C([H])([H])C1=C([H])C([H])=C([H])C([H])=C1[H]	2000
[H]C#CC([H])([H])N(C([H])([H])[H])[C@]([H])(C([H])([H])[H])[C@]([H])(F)C1=C([H])C([H])=C([H])C([H])=C1[H]	2000
[H]C#CC([H])([H])N(C([H])([H])[H])[C@]([H])(C([H])([H])F)C([H])([H])C1=C([H])C([H])=C([H])C([H])=C1[H]	170.5
[H]N([C@@]([H])(C1=C([H])C([H])=C2OC([H])([H])C([H])([H])OC2=C1[H])C([H])([H])[H])[C@]1([H])C([H])([H])[C@@]1([H])C1=C([H])C([H])=C([H])C([H])=C1[H]	7400
[H]N([H])N([H])C(=O)[C@@]1(C2=C([H])C([H])=C([H])C([H])=C2[H])C([H])([H])[C@@]1([H])F	20
[H]N([H])C([H])([H])[C@@]1([H])C([H])([H])[C@]1([H])C1=C([H])C([H])=C([H])C([H])=C1[H]	33
[H]OC1=C([H])C([H])=C(C([H])=C1[H])C1=NN(C(=O)C([H])([H])[H])[C@@]([H])(C2=C([H])C([H])=C(OC([H])([H])[H])C([H])=C2[H])C1([H])[H]	7200
[H]C1=C([H])C(=O)C2=C(O1)C([H])=C(OC([H])([H])C1=C([H])C([H])=C([H])C([H])=C1[H])C([H])=C2[H]	85
[H]C1=C([H])C(=O)C2=C(O1)C([H])=C(OC([H])([H])C([H])([H])C1=C([H])C([H])=C([H])C([H])=C1[H])C([H])=C2[H]	115
[H]C1=C([H])C(=O)C2=C(O1)C([H])=C(OC([H])([H])C([H])([H])C([H])([H])C1=C([H])C([H])=C([H])C([H])=C1[H])C([H])=C2[H]	121
[H]C1=C([H])C(=O)C2=C(O1)C([H])=C(OC([H])([H])C1=C([H])C([H])=C([H])C(Cl)=C1[H])C([H])=C2[H]	17
[H]C1=C([H])C(=O)C2=C(O1)C([H])=C(OC([H])([H])C1=C([H])C([H])=C(Cl)C([H])=C1[H])C([H])=C2[H]	29
[H]C1=C([H])C(=O)C2=C(O1)C([H])=C(OC([H])([H])C1=C([H])C([H])=C([H])C(Br)=C1[H])C([H])=C2[H]	14
[H]C1=C([H])C(=O)C2=C(O1)C([H])=C(OC([H])([H])C1=C([H])C([H])=C(Br)C([H])=C1[H])C([H])=C2[H]	18
[H]C1=C([H])C(=O)C2=C(O1)C([H])=C(OC([H])([H])C1=C([H])C([H])=C([H])C(F)=C1[H])C([H])=C2[H]	44
[H]C1=C([H])C(=O)C2=C(O1)C([H])=C(OC([H])([H])C1=C([H])C([H])=C(F)C([H])=C1[H])C([H])=C2[H]	25
[H]C1=C([H])C(=O)C2=C(O1)C([H])=C(OC([H])([H])C1=C([H])C([H])=C([H])C(=C1[H])C([H])([H])[H])C([H])=C2[H]	62
[H]C1=C([H])C(=O)C2=C(O1)C([H])=C(OC([H])([H])C1=C([H])C([H])=C(C([H])=C1[H])C([H])([H])[H])C([H])=C2[H]	75
[H]C1=C([H])C(=O)C2=C(O1)C([H])=C(OC([H])([H])C1=C([H])C([H])=C([H])C(C#N)=C1[H])C([H])=C2[H]	370
[H]C1=C([H])C(=O)C2=C(O1)C([H])=C(OC([H])([H])C1=C([H])C([H])=C(C#N)C([H])=C1[H])C([H])=C2[H]	117
[H]C1=C([H])C(=O)C2=C(O1)C([H])=C(OC([H])([H])C1=C([H])C([H])=C(C([H])=C1[H])C(F)(F)F)C([H])=C2[H]	8
[H]C1=C([H])C(=O)C2=C(O1)C([H])=C(OC([H])([H])C([H])([H])C1=C([H])C([H])=C(Br)C([H])=C1[H])C([H])=C2[H]	317
[H]N1C(=O)S[C@@]([H])(C1=O)C([H])([H])C1=C([H])C([H])=C(OC([H])([H])C([H])([H])C2=NC([H])=C(C([H])=C2[H])C([H])([H])C([H])([H])[H])C([H])=C1[H]	399
[H]N1C(=O)S[C@@]([H])(C1=O)C([H])([H])C1=C([H])C([H])=C(OC([H])([H])C2(C([H])([H])[H])C([H])([H])C([H])([H])C([H])([H])C([H])([H])C2([H])[H])C([H])=C1[H]	225
[H]N1C(=O)S[C@@]([H])(C1=O)C([H])([H])C1=C([H])C([H])=C(OC([H])([H])C([H])([H])N(C2=C([H])C([H])=C([H])C([H])=N2)C([H])([H])[H])C([H])=C1[H]	2516
[H]OC1=C(C(=C2O[C@](C([H])([H])[H])(C([H])([H])OC3=C([H])C([H])=C(C([H])=C3[H])C([H])([H])[C@@]3([H])SC(=O)N([H])C3=O)C([H])([H])C([H])([H])C2=C1C([H])([H])[H])C([H])([H])[H])C([H])([H])[H]	5785
[H]N1C([H])=C(\C([H])=C2/N([H])\C(=N\C([H])([H])[H])N([H])C2=O)C2=C1C([H])=C([H])C(Br)=C2[H]	2000
[H]N1C([H])=C(\C([H])=C2\N(\C(=N\C([H])([H])[H])N([H])C2=O)C([H])([H])[H])C2=C1C([H])=C(Br)C([H])=C2[H]	2667
[H]N1C([H])=C(\C([H])=C2/N([H])\C(=N\C([H])([H])[H])N([H])C2=O)C2=C1C([H])=C([H])C([H])=C2[H]	6000
[H]N1C([H])=C(\C([H])=C2/N([H])C(SC([H])([H])[H])=NC2=O)C2=C1C([H])=C([H])C([H])=C2Br	3733
[H]N1C([H])=C(\C([H])=C2/N([H])C(=S)N([H])C2=O)C2=C1C(Br)=C([H])C([H])=C2[H]	1237
[H]N1C([H])=C(\C([H])=C2/N([H])C(=S)N([H])C2=O)C2=C1C([H])=C([H])C([H])=C2Br	450
[H]N1C([H])=C(\C([H])=C2/N([H])\C(=N\C([H])([H])[H])N(C2=O)C([H])([H])[H])C2=C1C(Br)=C([H])C([H])=C2[H]	4260
[H]N1C([H])=C(\C([H])=C2/N([H])\C(=N\C([H])([H])[H])N([H])C2=O)C2=C1C([H])=C([H])C([H])=C2Br	7033
[H]N1C([H])=C(\C([H])=C2/N([H])C(SC([H])([H])[H])=NC2=O)C2=C1C(Br)=C([H])C([H])=C2[H]	2433
[H]N1C([H])=C(\C([H])=C2/N([H])C(SC([H])([H])[H])=NC2=O)C2=C1C([H])=C(Br)C([H])=C2[H]	1417
[H]N1C([H])=C(\C([H])=C2/N([H])C(SC([H])([H])[H])=NC2=O)C2=C1C([H])=C([H])C(Br)=C2[H]	8750
[H]N1C([H])=C(\C([H])=C2/N([H])C(=S)N([H])C2=O)C2=C1C([H])=C(Br)C([H])=C2[H]	2567
[H]N1C([H])=C(\C([H])=C2/N([H])C(=S)N([H])C2=O)C2=C1C([H])=C([H])C(Br)=C2[H]	2567
[H]N1C([H])=C(\C([H])=C2\N(\C(=N\C([H])([H])[H])N(C2=O)C([H])([H])[H])C([H])([H])[H])C2=C1C(Br)=C([H])C([H])=C2[H]	2817
[H]N1C([H])=C(\C([H])=C2\N(\C(=N\C([H])([H])[H])N(C2=O)C([H])([H])[H])C([H])([H])[H])C2=C1C([H])=C(Br)C([H])=C2[H]	207
[H]N1C([H])=C(\C([H])=C2\N(\C(=N\C([H])([H])[H])N(C2=O)C([H])([H])[H])C([H])([H])[H])C2=C1C([H])=C([H])C(Br)=C2[H]	370
[H]N1C([H])=C(\C([H])=C2\N(\C(=N\C([H])([H])[H])N(C2=O)C([H])([H])[H])C([H])([H])[H])C2=C1C([H])=C([H])C([H])=C2Br	5217
[H]N1C([H])=C(\C([H])=C2\N(\C(=N\C([H])([H])[H])N(C2=O)C([H])([H])[H])C([H])([H])[H])C2=C([H])C([H])=C([H])C([H])=C12	9017
[H]N=C1N(C(=O)\C(=C(\[H])C2=C([H])N([H])C3=C2C([H])=C([H])C([H])=C3Br)N1C([H])([H])[H])C([H])([H])[H]	3117
[H]N=C1N(C(=O)\C(=C(\[H])C2=C([H])N([H])C3=C2C([H])=C(Br)C([H])=C3[H])N1C([H])([H])[H])C([H])([H])[H]	2700
[H]N=C1N(C(=O)\C(=C(\[H])C2=C([H])N([H])C3=C([H])C(Br)=C([H])C([H])=C23)N1C([H])([H])[H])C([H])([H])[H]	447
[H]N=C1N([H])\C(=C(\[H])C2=C([H])N([H])C3=C2C([H])=C(Br)C([H])=C3[H])C(=O)N1C([H])([H])[H]	4300
[H]N=C1N([H])\C(=C(\[H])C2=C([H])N([H])C3=C2C([H])=C([H])C(Br)=C3[H])C(=O)N1C([H])([H])[H]	3800
[H]N1C(=O)S\C(=C(/[H])C2=C([H])C(Br)=C([H])C([H])=C2[H])C1=O	6070
[H]\C(=C1/SC(=S)N(C1=O)C([H])([H])C([H])([H])C([H])([H])[H])C1=C([H])C([H])=NC([H])=C1[H]	800
[H]OC(=O)C1=C([H])OC2=C([H])C([H])=C(OC([H])([H])C3=C([H])C(Br)=C([H])C([H])=C3[H])C([H])=C2C1=O	2.8
[H]C(=O)C1=C([H])OC2=C([H])C([H])=C(OC([H])([H])C3=C([H])C(Br)=C([H])C([H])=C3[H])C([H])=C2C1=O	3.7
[H]C1=C([H])C(=C([H])C(Br)=C1[H])C([H])([H])OC1=C([H])C([H])=C2OC([H])=C(C(=O)OC([H])([H])[H])C(=O)C2=C1[H]	77.4
[H]OC1=C([H])C([H])=C([H])C(OC([H])([H])C2=C([H])C([H])=C(Br)C([H])=C2[H])=C1C(=O)C([H])([H])[H]	2690
[H]OC1=C([H])C([H])=C(OC([H])([H])C2=C([H])C([H])=C([H])C(Br)=C2[H])C([H])=C1C(=O)C([H])([H])[H]	576
[H]OC1=C([H])C([H])=C(OC([H])([H])C2=C([H])C([H])=C(Br)C([H])=C2[H])C([H])=C1C(=O)C([H])([H])[H]	172
[H]OC1=C([H])C(OC([H])([H])C2=C([H])C([H])=C([H])C(Br)=C2[H])=C([H])C([H])=C1C(=O)C([H])([H])[H]	4
[H]OC1=C([H])C(OC([H])([H])C2=C([H])C([H])=C(Br)C([H])=C2[H])=C([H])C([H])=C1C(=O)C([H])([H])[H]	11
[H]C1=C([H])C(=O)C2=C(OC([H])([H])C3=C([H])C([H])=C([H])C([H])=C3[H])C([H])=C([H])C([H])=C2O1	8030
[H]C1=C([H])C(=O)C2=C(OC([H])([H])C3=C([H])C([H])=C(Br)C([H])=C3[H])C([H])=C([H])C([H])=C2O1	4340
[H]O[C@@]1([H])OC2=C([H])C([H])=C(OC([H])([H])C3=C([H])C(Br)=C([H])C([H])=C3[H])C([H])=C2C(=O)C1([H])[H]	5.7
[H]OC1=C([H])C([H])=C([H])C(OC([H])([H])C2=C([H])C(Br)=C([H])C([H])=C2[H])=C1C(=O)C([H])([H])[H]	5960
[H]N([H])S(=O)(=O)C([H])([H])C1=NOC2=C([H])C([H])=C([H])C([H])=C12	3100
[H]N(\N=C(\[H])C1=C([H])C([H])=C([H])O1)C1=NC(=C([H])S1)C1=C([H])C([H])=C(C#N)C([H])=C1[H]	1490
[H]N(\N=C(\[H])C1=C([H])C([H])=C([H])S1)C1=NC(=C([H])S1)C1=C([H])C([H])=C(C#N)C([H])=C1[H]	152.86
[H]N(\N=C(/C1=C([H])C([H])=C([H])S1)C([H])([H])[H])C1=NC(=C([H])S1)C1=C([H])C([H])=C(C#N)C([H])=C1[H]	3110
[H]N(\N=C(/C1=NC([H])=C([H])S1)C([H])([H])[H])C1=NC(=C([H])S1)C1=C([H])C([H])=C(C#N)C([H])=C1[H]	2000
[H]N(\N=C(/C1=C([H])C([H])=C([H])C([H])=N1)C([H])([H])[H])C1=NC(=C([H])S1)C1=C([H])C([H])=C(C#N)C([H])=C1[H]	995.94
[H]N(\N=C(\[H])C1=C([H])C([H])=C([H])N=C1[H])C1=NC(=C([H])S1)C1=C([H])C([H])=C(C#N)C([H])=C1[H]	946.62
[H]N(\N=C(/C1=C([H])C([H])=C([H])N=C1[H])C([H])([H])[H])C1=NC(=C([H])S1)C1=C([H])C([H])=C(C#N)C([H])=C1[H]	2.09
[H]N(\N=C(\[H])C1=C([H])C([H])=NC([H])=C1[H])C1=NC(=C([H])S1)C1=C([H])C([H])=C(C#N)C([H])=C1[H]	6750
[H]N(\N=C(/C1=C([H])C([H])=NC([H])=C1[H])C([H])([H])[H])C1=NC(=C([H])S1)C1=C([H])C([H])=C(C#N)C([H])=C1[H]	435.91
[H]N(\N=C(\[H])C1=C([H])C([H])=C([H])C2=C([H])C([H])=C([H])C([H])=C12)C1=NC(=C([H])S1)C1=C([H])C([H])=C(C#N)C([H])=C1[H]	1100
[H]N(\N=C(\[H])C1=C([H])N([H])C2=C1C([H])=C([H])C([H])=C2[H])C1=NC(=C([H])S1)C1=C([H])C([H])=C(C#N)C([H])=C1[H]	762.37
[H]N(\N=C(\[H])C1=C([H])C([H])=C2OC([H])([H])OC2=C1[H])C1=NC(=C([H])S1)C1=C([H])C([H])=C(C#N)C([H])=C1[H]	301.1
[H]N(\N=C(/C1=C([H])C([H])=C([H])O1)C([H])([H])[H])C1=NC(=C([H])S1)C1=C([H])C([H])=C(C([H])=C1[H])[N+]([O-])=O	3590
[H]N(\N=C(/C1=C([H])C([H])=C([H])S1)C([H])([H])[H])C1=NC(=C([H])S1)C1=C([H])C([H])=C(C([H])=C1[H])[N+]([O-])=O	297.91
[H]N(\N=C(/C1=NC([H])=C([H])S1)C([H])([H])[H])C1=NC(=C([H])S1)C1=C([H])C([H])=C(C([H])=C1[H])[N+]([O-])=O	366.21
[H]N(\N=C(/C1=C([H])C([H])=C([H])C([H])=N1)C([H])([H])[H])C1=NC(=C([H])S1)C1=C([H])C([H])=C(C([H])=C1[H])[N+]([O-])=O	26.67
[H]N(\N=C(/C1=C([H])C([H])=NC([H])=C1[H])C([H])([H])[H])C1=NC(=C([H])S1)C1=C([H])C([H])=C(C([H])=C1[H])[N+]([O-])=O	13.12
[H]N(\N=C(\[H])C1=C([H])C([H])=C([H])O1)C1=NC(=C([H])S1)C1=C([H])C([H])=C(F)C([H])=C1[H]	652.8
[H]N(\N=C(/C1=C([H])C([H])=C([H])O1)C([H])([H])[H])C1=NC(=C([H])S1)C1=C([H])C([H])=C(F)C([H])=C1[H]	319.82
[H]N(\N=C(\[H])C1=C([H])C([H])=C([H])S1)C1=NC(=C([H])S1)C1=C([H])C([H])=C(F)C([H])=C1[H]	338.35
[H]N(\N=C(/C1=C([H])C([H])=C([H])S1)C([H])([H])[H])C1=NC(=C([H])S1)C1=C([H])C([H])=C(F)C([H])=C1[H]	15.49
[H]N(\N=C(/C1=NC([H])=C([H])S1)C([H])([H])[H])C1=NC(=C([H])S1)C1=C([H])C([H])=C(F)C([H])=C1[H]	1210
[H]N(\N=C(/C1=C([H])C([H])=C([H])C([H])=C1[H])C([H])([H])[H])C1=NC(=C([H])S1)C1=C([H])C([H])=C(F)C([H])=C1[H]	350.7
[H]N(\N=C(/C1=C([H])C([H])=C([H])C([H])=N1)C([H])([H])[H])C1=NC(=C([H])S1)C1=C([H])C([H])=C(F)C([H])=C1[H]	24.31
[H]N(\N=C(\[H])C1=C([H])C([H])=C([H])N=C1[H])C1=NC(=C([H])S1)C1=C([H])C([H])=C(F)C([H])=C1[H]	482.16
[H]N(\N=C(/C1=C([H])C([H])=C([H])N=C1[H])C([H])([H])[H])C1=NC(=C([H])S1)C1=C([H])C([H])=C(F)C([H])=C1[H]	1.7
[H]N(\N=C(\[H])C1=C([H])C([H])=NC([H])=C1[H])C1=NC(=C([H])S1)C1=C([H])C([H])=C(F)C([H])=C1[H]	112.36
[H]N(\N=C(/C1=C([H])C([H])=NC([H])=C1[H])C([H])([H])[H])C1=NC(=C([H])S1)C1=C([H])C([H])=C(F)C([H])=C1[H]	2.54
[H]N(\N=C(\[H])C1=C([H])N([H])C2=C1C([H])=C([H])C([H])=C2[H])C1=NC(=C([H])S1)C1=C([H])C([H])=C(F)C([H])=C1[H]	577.99
[H]N(\N=C(\[H])C1=C([H])C([H])=C2OC([H])([H])OC2=C1[H])C1=NC(=C([H])S1)C1=C([H])C([H])=C(F)C([H])=C1[H]	1080
[H]N(\N=C(\[H])C1=C([H])C([H])=C([H])O1)C1=NC(=C([H])S1)C1=C(F)C([H])=C(F)C([H])=C1[H]	216.58
[H]N(\N=C(/C1=C([H])C([H])=C([H])O1)C([H])([H])[H])C1=NC(=C([H])S1)C1=C(F)C([H])=C(F)C([H])=C1[H]	40.08
[H]N(\N=C(\[H])C1=C([H])C([H])=C([H])S1)C1=NC(=C([H])S1)C1=C(F)C([H])=C(F)C([H])=C1[H]	16.58
[H]N(\N=C(/C1=C([H])C([H])=C([H])S1)C([H])([H])[H])C1=NC(=C([H])S1)C1=C(F)C([H])=C(F)C([H])=C1[H]	3.01
[H]N(\N=C(/C1=NC([H])=C([H])S1)C([H])([H])[H])C1=NC(=C([H])S1)C1=C(F)C([H])=C(F)C([H])=C1[H]	12.96
[H]N(\N=C(/C1=C([H])C([H])=C([H])C([H])=C1[H])C([H])([H])[H])C1=NC(=C([H])S1)C1=C(F)C([H])=C(F)C([H])=C1[H]	90.26
[H]N(\N=C(\[H])C1=C([H])C([H])=C([H])N=C1[H])C1=NC(=C([H])S1)C1=C(F)C([H])=C(F)C([H])=C1[H]	198.5
[H]N(\N=C(/C1=C([H])C([H])=C([H])N=C1[H])C([H])([H])[H])C1=NC(=C([H])S1)C1=C(F)C([H])=C(F)C([H])=C1[H]	18.4
[H]N(\N=C(\[H])C1=C([H])C([H])=NC([H])=C1[H])C1=NC(=C([H])S1)C1=C(F)C([H])=C(F)C([H])=C1[H]	548.85
[H]N(\N=C(/C1=C([H])C([H])=NC([H])=C1[H])C([H])([H])[H])C1=NC(=C([H])S1)C1=C(F)C([H])=C(F)C([H])=C1[H]	16.68
[H]N(\N=C(\[H])C1=C([H])C([H])=C([H])C2=C([H])C([H])=C([H])C([H])=C12)C1=NC(=C([H])S1)C1=C([H])C([H])=C(F)C([H])=C1F	137.6
[H]N(\N=C(\[H])C1=C([H])N([H])C2=C1C([H])=C([H])C([H])=C2[H])C1=NC(=C([H])S1)C1=C(F)C([H])=C(F)C([H])=C1[H]	529.48
[H]N(\N=C(\[H])C1=C([H])C([H])=C2OC([H])([H])OC2=C1[H])C1=NC(=C([H])S1)C1=C(F)C([H])=C(F)C([H])=C1[H]	1170
[H]N(\N=C(/C1=C([H])C2=C(OC1=O)C([H])=C([H])C([H])=C2[H])C([H])([H])[H])C1=NC(=C([H])S1)C1=C(F)C([H])=C(F)C([H])=C1[H]	1420
[H]N1C(=O)C2=C([H])C([H])=C(SC([H])([H])C([H])([H])C([H])(C([H])([H])[H])C([H])([H])[H])C([H])=C2C1=O	15
[H]N1C(=O)C2=C([H])C([H])=C(SC3([H])C([H])([H])C([H])([H])C([H])([H])C([H])([H])C3([H])[H])C([H])=C2C1=O	179
[H]N1C(=O)C2=C([H])C([H])=C(SC([H])([H])C([H])([H])C3=C([H])C([H])=C([H])C([H])=C3[H])C([H])=C2C1=O	30
[H]N1C(=O)C2=C([H])C([H])=C(SC3=C([H])C([H])=C(Br)C([H])=C3[H])C([H])=C2C1=O	364
[H]N1C(=O)C2=C([H])C([H])=C(SC3=C([H])C([H])=C(Cl)C([H])=C3[H])C([H])=C2C1=O	457
[H]N1C(=O)C2=C([H])C([H])=C(SC3=C([H])C([H])=C([H])C([H])=C3[H])C([H])=C2C1=O	986
[H]N1C(=O)C2=C([H])C([H])=C(SC([H])([H])C3=C([H])C([H])=C(OC([H])([H])[H])C([H])=C3[H])C([H])=C2C1=O	20
[H]N1C(=O)C2=C([H])C([H])=C(SC([H])([H])C3=C([H])C([H])=C(F)C([H])=C3[H])C([H])=C2C1=O	6.8
[H]N1C(=O)C2=C([H])C([H])=C(SC([H])([H])C3=C([H])C([H])=C(Br)C([H])=C3[H])C([H])=C2C1=O	7.4
[H]N1C(=O)C2=C([H])C([H])=C(SC([H])([H])C3=C([H])C([H])=C(Cl)C([H])=C3[H])C([H])=C2C1=O	5.6
[H]N1C(=O)C2=C([H])C([H])=C(SC([H])([H])C3=C([H])C([H])=C([H])C([H])=C3[H])C([H])=C2C1=O	4.5
[H]N([H])C([H])([H])C(\[H])=C(\F)C([H])([H])OC1=C([H])C([H])=C(OC2=C([H])C([H])=C([H])C([H])=C2[H])C([H])=C1[H]	450
[H]N([H])C([H])([H])C(\[H])=C(\F)C([H])([H])OC1=C([H])C([H])=C(C([H])=C1[H])C(=O)N(C([H])([H])[H])C([H])([H])C1=C([H])C([H])=C([H])C([H])=C1[H]	2210
[H]N([H])C([H])([H])C(\[H])=C(\F)C([H])([H])OC1=C([H])C([H])=C(C([H])=C1[H])C(=O)N([H])C1([H])C([H])([H])C([H])([H])C([H])([H])C1([H])[H]	1640
[H]N([H])C([H])([H])C(\[H])=C(\F)C([H])([H])OC1=C([H])C([H])=C(C([H])=C1[H])C(=O)N([H])C1([H])C([H])([H])C([H])([H])C([H])([H])C([H])([H])C1([H])[H]	1120
[H]N([H])C([H])([H])C(\[H])=C(\F)C([H])([H])OC1=C([H])C([H])=C(C([H])=C1[H])C(=O)N([H])C([H])([H])C1=C([H])C([H])=C([H])C([H])=C1[H]	620
[H]N([H])C([H])([H])C(\[H])=C(\F)C([H])([H])OC1=C([H])C([H])=C(C([H])=C1[H])C(=O)N([H])[C@@]([H])(C1=C([H])C([H])=C([H])C([H])=C1[H])C([H])([H])[H]	2980
[H]N([H])C([H])([H])C(\[H])=C(\F)C([H])([H])OC1=C([H])C([H])=C([H])C([H])=C1[H]	180
[H]N([H])C([H])([H])C(\[H])=C(\F)C([H])([H])OC1=C([H])C([H])=C(OC([H])([H])[H])C([H])=C1[H]	310
[H]N([H])C([H])([H])C(\[H])=C(\F)C([H])([H])OC1=C([H])C([H])=C([H])C(Cl)=C1[H]	30
[H]N([H])C([H])([H])C(\[H])=C(\F)C([H])([H])OC1=C([H])C([H])=C(SC([H])([H])[H])C([H])=C1[H]	160
[H]N([H])C([H])([H])C(\[H])=C(\F)C([H])([H])OC1=C([H])C([H])=C(C([H])=C1[H])C(C([H])([H])[H])(C([H])([H])[H])C([H])([H])[H]	6400
[H]N([H])C([H])([H])C(\[H])=C(\F)C([H])([H])OC1=C([H])C([H])=C(OC(F)(F)F)C([H])=C1[H]	70
[H]N([H])C([H])([H])C(\[H])=C(\F)C([H])([H])OC1=C([H])C([H])=C(C([H])=C1[H])[N+]([O-])=O	10
[H]N([H])C([H])([H])C(\[H])=C(\F)C([H])([H])OC1=C([H])C([H])=C(F)C(F)=C1[H]	90
[H]N([H])C([H])([H])C(\[H])=C(\F)C([H])([H])OC1=C([H])C([H])=C(C([H])=C1[H])C(F)(F)F	130
[H]N([H])C([H])([H])C(\[H])=C(\F)C([H])([H])OC1=C([H])C([H])=C([H])C(=C1[H])C(F)(F)F	30
[H]C1=C([H])C2=C(C([H])=C1[H])C1=C(C([H])=C(N=N1)C1=C([H])C([H])=C(C#N)C([H])=C1[H])C2=O	117.49
[H]C1=C([H])C2=C(C([H])=C1[H])C1=C(C([H])=C(N=N1)C1=C([H])C([H])=C(Br)C([H])=C1[H])C2=O	8.13
[H]C1=C([H])C2=C(C([H])=C1[H])C1=C(C([H])=C(N=N1)C1=C([H])C3=C(C([H])=C([H])C([H])=C3[H])C([H])=C1[H])C2=O	92.07
[H]C1=C([H])C2=C(C([H])=C1[H])C1=C(C([H])=C(N=N1)C1=C([H])C([H])=C(F)C(F)=C1[H])C2=O	5.01
[H]C1=C([H])C2=C(C([H])=C1[H])C1=C(C([H])=C(N=N1)C1=C([H])C([H])=C([H])C(=C1[H])C(F)(F)F)C2=O	8.51
[H]C1=C([H])C2=C(C([H])=C1[H])C1=NN=C(C([H])=C1C2=O)C1=C([H])C([H])=C(OC([H])([H])[H])C([H])=C1[H]	74.13
[H]C1=C([H])C2=C(C([H])=C1[H])C1=C(C([H])=C(N=N1)C1=C([H])C([H])=C([H])C(C#N)=C1[H])C2=O	33.11
[H]C1=C([H])C([H])=C(C([H])=C1[H])S(=O)(=O)OC1=C([H])C([H])=C2C(OC(=O)C(=C2C([H])([H])[H])C([H])([H])[H])=C1[H]	15.85
[H]C1=C([H])C([H])=C2C3=NN=C(C([H])=C3C(=O)C2=C1[H])C1=C([H])C([H])=C([H])C(OC([H])([H])[H])=C1[H]	42.66
[H]C1=C([H])C([H])=C(C([H])=C1[H])S(=O)(=O)OC1=C([H])C([H])=C2C([H])=C([H])C(=O)OC2=C1[H]	2238.72
[H]C1=C([H])C([H])=C2C3=NN=C(C([H])=C3C(=O)C2=C1[H])C1=C([H])C([H])=C([H])C([H])=C1Cl	190.55
[H]C1=C([H])C([H])=C(C([H])=C1[H])C1=C(C2=C(N=N1)C1=C(C([H])=C([H])C([H])=C1[H])C2=O)C([H])([H])C1=C([H])C([H])=C([H])C([H])=C1[H]	1288.25
[H]C1=C([H])C([H])=C(C([H])=C1[H])C([H])([H])C([H])([H])C1=C([H])C2=C(N=N1)C1=C(C([H])=C([H])C([H])=C1[H])C2=O	31.62
[H]C1=C([H])C([H])=C(C([H])=C1[H])C([H])([H])C1=C([H])C2=C(N=N1)C1=C(C([H])=C([H])C([H])=C1[H])C2=O	758.58
[H]C1=C([H])C([H])=C(C([H])=C1[H])C1=C([H])C(=O)OC2=C([H])C(OC([H])([H])C3=C([H])C([H])=C([H])C([H])=C3[H])=C([H])C([H])=C12	257.04
[H]C1=C([H])C([H])=C2C3=NN=C(C([H])=C3C(=O)C2=C1[H])C1=C([H])C([H])=C([H])C([H])=C1[N+]([O-])=O	524.81
[H]\C(=C(\[H])C1=C([H])C([H])=C([H])C([H])=C1[H])C1=C([H])C2=C(N=N1)C1=C(C([H])=C([H])C([H])=C1[H])C2=O	26.3
[H]C1=C([H])C2=C(C([H])=C1[H])C1=C(C([H])=C(N=N1)C1=C([H])C([H])=C(C([H])=C1[H])C(=O)C([H])([H])[H])C2=O	26.3
[H]C1=C([H])C2=C(C([H])=C1[H])C1=C(C([H])=C(N=N1)C1=C([H])C([H])=C([H])C(Br)=C1[H])C2=O	5.62
[H]C1=C([H])C([H])=C2C3=NN=C(C([H])=C3C(=O)C2=C1[H])C1=C([H])C([H])=C(C([H])=C1[H])[N+]([O-])=O	8.32
[H]C1=C([H])C([H])=C(O1)C1=C([H])C2=C(N=N1)C1=C(C([H])=C([H])C([H])=C1[H])C2=O	2691.53
[H]C1=C([H])C([H])=C(C([H])=C1[H])C1=C(N=NC2=C1C(=O)C1=C2C([H])=C([H])C([H])=C1[H])C([H])([H])[H]	2951.21
[H]C1=C([H])C(=C([H])C([H])=C1F)C([H])([H])OC1=C([H])C([H])=C2C(OC(=O)C(=C2C([H])([H])[H])C([H])([H])[H])=C1[H]	1.55
[H]C1=C([H])C2=C(C([H])=C1[H])C1=C(C([H])=C(N=N1)C1=C([H])C([H])=C([H])C([H])=C1C([H])([H])[H])C2=O	602.56
[H]C1=C([H])C(=C([H])C([H])=C1C([H])([H])[H])C([H])([H])OC1=C([H])C([H])=C2C(OC(=O)C(=C2C([H])([H])[H])C([H])([H])[H])=C1[H]	1.38
[H]C1=C([H])C([H])=C2C3=NN=C(C([H])=C3C(=O)C2=C1[H])C1=C([H])C([H])=C(F)C([H])=C1[H]	14.79
[H]C1=C([H])C2=C(C([H])=C1[H])C1=C(C([H])=C(N=N1)C1=C([H])C([H])=C([H])C(F)=C1[H])C2=O	42.66
[H]OC1=C([H])C([H])=C(C([H])=C1[H])C1=NN=C2C3=C([H])C([H])=C([H])C([H])=C3C(=O)C2=C1[H]	269.15
[H]C1=C([H])C2=C(C([H])=C1[H])C1=C(C([H])=C(N=N1)C1=C([H])C([H])=C([H])C(Cl)=C1[H])C2=O	4.57
[H]C1=C([H])C([H])=C(C([H])=C1[H])C([H])([H])OC1=C([H])C([H])=C2C([H])=C([H])C(=O)OC2=C1[H]	1.7
[H]C1=C([H])C([H])=C2C3=NN=C(C([H])=C3C(=O)C2=C1[H])C1=C([H])C([H])=C(Cl)C([H])=C1[H]	10.96
[H]OC1=C([H])C(OC([H])([H])C([H])=C(C([H])([H])[H])C([H])([H])[H])=C([H])C([H])=C1C1=NN(C(=S)N([H])[H])[C@]([H])(C2=C([H])C([H])=C(Cl)C([H])=C2[H])C1([H])[H]	831.76
[H]OC1=C([H])C(OC([H])([H])C([H])=C(C([H])([H])[H])C([H])([H])[H])=C([H])C([H])=C1C1=NN(C(=S)N([H])[H])[C@]([H])(C2=C([H])C([H])=C(OC([H])([H])C3=C([H])C([H])=C([H])C([H])=C3[H])C([H])=C2[H])C1([H])[H]	269.15
[H]OC1=C([H])C(OC([H])([H])C([H])=C(C([H])([H])[H])C([H])([H])[H])=C([H])C([H])=C1C1=NN(C(=O)C([H])([H])[H])[C@@]([H])(C2=C([H])C([H])=C(Cl)C([H])=C2[H])C1([H])[H]	8709.64
[H]OC1=C([H])C(OC([H])([H])C([H])=C(C([H])([H])[H])C([H])([H])[H])=C([H])C([H])=C1C1=NN(C(=O)C([H])([H])[H])[C@]([H])(C2=C([H])C([H])=C(OC([H])([H])C3=C([H])C([H])=C([H])C([H])=C3[H])C([H])=C2[H])C1([H])[H]	173.78
[H]OC1=C(O[H])C([H])=C2C(=C1[H])C(=O)\C(=C(/[H])C1=C([H])C([H])=C(C([H])=C1[H])N(C([H])([H])[H])C([H])([H])C([H])([H])C([H])([H])[H])C2([H])[H]	7500
[H]OC1=C(O[H])C([H])=C2C(=C1[H])C(=O)\C(=C(/[H])C1=C([H])C([H])=C(C([H])=C1[H])N(C([H])([H])C([H])([H])[H])C([H])([H])C([H])([H])[H])C2([H])[H]	7710
[H]C#CC([H])([H])N([H])[C@@]1([H])C2=C([H])C([H])=C([H])C([H])=C2C([H])([H])[C@]1([H])[18F]	27
[H]C1=C([H])C(=C([H])C([H])=C1Br)C([H])([H])OC1=C([H])C(C#N)=C(C#N)C([H])=C1[H]	4.8
[H]C1=C([H])C([H])=C(C([H])=C1[H])C([H])([H])OC1=C([H])C([H])=C(C#N)C([H])=C1[H]	785
[H]C1=C([H])C([H])=C(C([H])=C1[H])C([H])([H])OC1=C([H])C(C#N)=C(C#N)C([H])=C1[H]	7.9
[H]\C(\C(\[H])=C(/[H])C1=C([H])C2=C(OC([H])([H])O2)C([H])=C1[H])=C(\[H])C(=O)N1C([H])([H])C([H])([H])C([H])([H])C([H])([H])C1([H])[H]	483
[H]C1=C([H])C(=C([H])C2=C1OC([H])([H])O2)C(=O)C([H])([H])C([H])([H])N1C([H])([H])C([H])([H])C([H])([H])C([H])([H])C1([H])[H]	3430
CN1C(CSC2=CC=CC(Cl)=C2)=NC2=C1C(=O)N(C)C(=O)N2C	6120
CN1C(CSC2=CC=CC(Br)=C2)=NC2=C1C(=O)N(C)C(=O)N2C	4900
COC1=CC(SCC2=NC3=C(N2C)C(=O)N(C)C(=O)N3C)=CC=C1	8420
CN1C(CSC2=CC=C(Cl)C=C2)=NC2=C1C(=O)N(C)C(=O)N2C	6910
CN1C(CSC2=CC=C(Br)C=C2)=NC2=C1C(=O)N(C)C(=O)N2C	4050
CN1C(COC2=CC=CC=C2)=NC2=C1C(=O)N(C)C(=O)N2C	5780
CN1C(COC2=CC=CC(Cl)=C2)=NC2=C1C(=O)N(C)C(=O)N2C	334
CN1C(COC2=CC=CC(Br)=C2)=NC2=C1C(=O)N(C)C(=O)N2C	148
CN1C(COC2=CC=CC(F)=C2)=NC2=C1C(=O)N(C)C(=O)N2C	1610
CN1C(COC2=CC=CC(=C2)C(F)(F)F)=NC2=C1C(=O)N(C)C(=O)N2C	641
CN1C(COC2=CC=CC(C)=C2)=NC2=C1C(=O)N(C)C(=O)N2C	1230
COC1=CC(OCC2=NC3=C(N2C)C(=O)N(C)C(=O)N3C)=CC=C1	1960
CN1C(COC2=CC=C(Br)C=C2)=NC2=C1C(=O)N(C)C(=O)N2C	189
CN1C(COC2=CC=C(F)C=C2)=NC2=C1C(=O)N(C)C(=O)N2C	825
CN1C(CCSC2=CC=CC(Cl)=C2)=NC2=C1C(=O)N(C)C(=O)N2C	5670
CN1C(CCSC2=CC=C(Cl)C=C2)=NC2=C1C(=O)N(C)C(=O)N2C	7790
CN1C(COC2=CC=C(Cl)C=C2)=NC2=C1C(=O)N(C)C(=O)N2C	250
[H]\C(=C(\[H])C([H])([H])OC1=C([H])C2=C(C([H])=C([H])C(=O)O2)C([H])=C1[H])C1=C([H])C(=O)[C@](O1)(C1=C([H])C([H])=C([H])C([H])=C1[H])C([H])([H])[H]	1514
[H]\C(=C(\[H])C([H])([H])OC1=C([H])C2=C(C([H])=C1[H])C(=C([H])C(=O)O2)C([H])([H])[H])C1=C([H])C(=O)C(O1)(C([H])([H])[H])C([H])([H])[H]	170
[H]\C(=C(/C1=C([H])C(=O)C(O1)(C([H])([H])[H])C([H])([H])[H])C([H])([H])[H])C([H])([H])OC1=C([H])C([H])=C2C([H])=C([H])C(=O)OC2=C1[H]	145
[H]\C(=C(\[H])C([H])([H])OC1=C([H])C2=C(C([H])=C([H])C(=O)O2)C([H])=C1[H])C1=C([H])C(=O)C(O1)(C([H])([H])[H])C([H])([H])[H]	28
[H]\C(=C(/C1=C([H])C(=O)C(O1)(C([H])([H])[H])C([H])([H])[H])C([H])([H])[H])C([H])([H])OC1=C([H])C2=C(C([H])=C1[H])C(=C(C(=O)O2)C([H])([H])[H])C([H])([H])[H]	129
[H]\C(=C(\[H])C([H])([H])OC1=C([H])C2=C(C([H])=C1[H])C(=C(C(=O)O2)C([H])([H])[H])C([H])([H])[H])C1=C([H])C(=O)C(O1)(C([H])([H])[H])C([H])([H])[H]	631
[H]\C(\C(\[H])=C(/[H])C([H])([H])OC1=C([H])C([H])=C2C([H])=C([H])C(=O)OC2=C1[H])=C(\[H])C(=O)C([H])([H])[H]	1698
[H]\C(=C(\[H])C([H])([H])OC1=C([H])C2=C(C([H])=C1[H])C([H])=C(C(=O)O2)C([H])([H])[H])C1=C([H])C(=O)C(O1)(C([H])([H])[H])C([H])([H])[H]	589
[H]C1=C(C([H])=C2C([H])=C(C(=O)OC([H])([H])C([H])([H])[H])C(=O)C([H])([H])C2=C1[H])[N+]([O-])=O	1000
[H]C1=C(Br)C([H])=C2C([H])=C(C(Cl)=O)C(=O)C([H])([H])C2=C1[H]	110
[H]C1=C(C([H])=C2C([H])=C(C(Cl)=O)C(=O)C([H])([H])C2=C1[H])C([H])([H])[H]	100
[H]C1=C(Cl)C([H])=C2C([H])=C(C(=O)OC([H])([H])C([H])([H])[H])C(=O)C([H])([H])C2=C1[H]	1000
[H]OC(=O)C1=C([H])C2=C([H])C(=C([H])C([H])=C2C([H])([H])C1=O)C([H])([H])[H]	19
[H]C1=C(C([H])=C2C([H])=C(C(=O)OC([H])([H])C([H])([H])[H])C(=O)C([H])([H])C2=C1[H])C([H])([H])[H]	1000
[H]C1=C([H])C([H])=C2C(=C1[H])C([H])=C(C(Cl)=O)C(=O)C2([H])[H]	115
[H]C1=C(C([H])=C2C([H])=C(C(Cl)=O)C(=O)C([H])([H])C2=C1[H])[N+]([O-])=O	105
[H]OC(=O)C1=C([H])C2=C([H])C(Cl)=C([H])C([H])=C2C([H])([H])C1=O	23
[H]OC(=O)C1=C([H])C2=C([H])C(Br)=C([H])C([H])=C2C([H])([H])C1=O	33
[H]OC(=O)C1=C([H])C2=C([H])C(=C([H])C([H])=C2C([H])([H])C1=O)[N+]([O-])=O	19
[H]C1=C([H])C([H])=C2C(=C1[H])C([H])=C(C(=O)OC([H])([H])C([H])([H])[H])C(=O)C2([H])[H]	5012
[H]C1=C(Cl)C([H])=C2C([H])=C(C(Cl)=O)C(=O)C([H])([H])C2=C1[H]	10
[H]C1=C(Br)C([H])=C2C([H])=C(C(=O)OC([H])([H])C([H])([H])[H])C(=O)C([H])([H])C2=C1[H]	1000
[H]OC(=O)C1=C([H])C2=C([H])C([H])=C([H])C([H])=C2C([H])([H])C1=O	17
[H]N(C([H])([H])C(=O)N1C([H])([H])C([H])([H])N(C([H])([H])C2=C([H])C([H])=C([H])C([H])=C2[H])C([H])([H])C1([H])[H])[C@@]1([H])C([H])([H])[C@]1([H])C1=C([H])C([H])=C([H])C([H])=C1[H]	7000
[H]N(C([H])([H])C(=O)N1C([H])([H])C([H])([H])N(C2=C([H])C([H])=C([H])C([H])=C2[H])C([H])([H])C1([H])[H])[C@@]1([H])C([H])([H])[C@]1([H])C1=C([H])C([H])=C([H])C([H])=C1[H]	1900
[H]N(C([H])([H])C(=O)N1C([H])([H])C([H])([H])N(C([H])([H])[H])C([H])([H])C1([H])[H])[C@@]1([H])C([H])([H])[C@]1([H])C1=C([H])C([H])=C(OC([H])([H])C2=C([H])C([H])=C([H])C([H])=C2[H])C([H])=C1[H]	9000
[H]N(C(=O)C([H])([H])N([H])[C@@]1([H])C([H])([H])[C@]1([H])C1=C([H])C([H])=C(OC([H])([H])C2=C([H])C([H])=C([H])C([H])=C2[H])C([H])=C1[H])C1([H])C([H])([H])C1([H])[H]	1250
[H]N(C([H])([H])C(=O)N1C([H])([H])C([H])([H])N(C([H])([H])[H])C([H])([H])C1([H])[H])[C@@]1([H])C([H])([H])[C@]1([H])C1=C([H])C([H])=C(OC([H])([H])C2=C([H])C([H])=C([H])C(F)=C2[H])C([H])=C1[H]	2000
[H]N(C([H])([H])C(=O)N1C([H])([H])C([H])([H])N(C([H])([H])[H])C([H])([H])C1([H])[H])[C@@]1([H])C([H])([H])[C@]1([H])C1=C([H])C([H])=C(OC([H])([H])C2=C([H])C([H])=C(F)C([H])=C2[H])C([H])=C1[H]	4000
[H]N(C([H])([H])C(=O)N1C([H])([H])C([H])([H])N(C([H])([H])[H])C([H])([H])C1([H])[H])[C@@]1([H])C([H])([H])[C@]1([H])C1=C([H])C([H])=C(OC([H])([H])C2=C([H])C([H])=C([H])C(Cl)=C2[H])C([H])=C1[H]	2400
[H]N(C([H])([H])C(=O)N1C([H])([H])C([H])([H])N(C([H])([H])[H])C([H])([H])C1([H])[H])[C@@]1([H])C([H])([H])[C@]1([H])C1=C([H])C([H])=C(OC([H])([H])C2=C([H])C([H])=C(Cl)C([H])=C2[H])C([H])=C1[H]	6400
[H]N(C([H])([H])C(=O)N1C([H])([H])C([H])([H])N(C([H])([H])[H])C([H])([H])C1([H])[H])[C@@]1([H])C([H])([H])[C@]1([H])C1=C([H])C([H])=C(OC([H])([H])C2=C([H])C([H])=C([H])C(Br)=C2[H])C([H])=C1[H]	3900
[H]N(C([H])([H])C(=O)N1C([H])([H])C([H])([H])N(C([H])([H])[H])C([H])([H])C1([H])[H])C1([H])C([H])([H])C1([H])C1=C([H])C([H])=C(OC([H])([H])C2=C([H])C([H])=C([N+]#[C-])C([H])=C2[H])C([H])=C1[H]	4600
[H]N(C([H])([H])C(=O)N1C([H])([H])C([H])([H])N(C([H])([H])[H])C([H])([H])C1([H])[H])[C@@]1([H])C([H])([H])[C@]1([H])C1=C([H])C([H])=C(OC([H])([H])C2=C([H])C([H])=C(C([H])=C2[H])C2=C([H])C([H])=C([H])C([H])=C2[H])C([H])=C1[H]	3200
[H]N(C([H])([H])C(=O)N1C([H])([H])C([H])([H])N(C([H])([H])[H])C([H])([H])C1([H])[H])[C@@]1([H])C([H])([H])[C@]1([H])C1=C([H])C([H])=C(C([H])=C1[H])C1=C([H])C([H])=C(C#N)C([H])=C1[H]	7400
[H]N(C([H])([H])C(=O)N1C([H])([H])C([H])([H])N(C([H])([H])[H])C([H])([H])C1([H])[H])[C@@]1([H])C([H])([H])[C@]1([H])C1=C([H])C([H])=C(C([H])=C1[H])C1=C([H])C([H])=C(OC(F)(F)F)C([H])=C1[H]	4200
[H]N(C([H])([H])C(=O)N1C([H])([H])C([H])([H])N(C([H])([H])[H])C([H])([H])C1([H])[H])[C@@]1([H])C([H])([H])[C@]1([H])C1=C([H])C([H])=C(OC([H])([H])C2=C([H])C([H])=C(C([H])=C2[H])C(F)(F)F)C([H])=C1[H]	3000
C[C@H](CC1=CC=C(OCCCCCCCCNC2=C3C=CC(Cl)=CC3=NC3=C2CCCC3)C=C1)N(C)CC#C	129
C[C@H](CC1=CC=C(OCCCCCCNC2=C3C=CC(Cl)=CC3=NC3=C2CCCC3)C=C1)N(C)CC#C	519
C[C@H](CC1=CC=C(OCCCCCNC2=C3C=CC(Cl)=CC3=NC3=C2CCCC3)C=C1)N(C)CC#C	6210
C[C@H](CC1=CC=C(OCCCCCCCCCCNC2=C3C=CC=CC3=NC3=C2CCCC3)C=C1)N(C)CC#C	181
C[C@H](CC1=CC=C(OCCCCCCNC2=C3C=CC=CC3=NC3=C2CCCC3)C=C1)N(C)CC#C	209
C[C@H](CC1=CC=C(OCCCCCNC2=C3C=CC=CC3=NC3=C2CCCC3)C=C1)N(C)CC#C	2400
C[C@H](CC1=CC=C(OCCCCNC2=C3C=CC=CC3=NC3=C2CCCC3)C=C1)N(C)CC#C	8550
C[C@H](CC1=CC=C(OCCCNC2=C3C=CC=CC3=NC3=C2CCCC3)C=C1)N(C)CC#C	4460
C[C@H](CC1=CC=C(OCCNC2=C3C=CC=CC3=NC3=C2CCCC3)C=C1)N(C)CC#C	693
CCN1C2=C(N(C)C(OCC3=CC=C(Cl)C=C3)=C2)C(=O)N(CC)C1=O	1000
CCN1C2=C(N(C)C(=C2)C#CC2=CC=C(Cl)C=C2)C(=O)N(CC)C1=O	1000
CCN1C2=C(N(C)C(\C=C\C3=CC=C(Cl)C=C3)=C2)C(=O)N(CC)C1=O	1000
CCN1C(\C=C\C2=CC=C(Cl)C=C2)=CC2=C1C(=O)N(C)C(=O)N2C	1000
CN1C(=CC2=C1C(=O)N(C)C(=O)N2C)C1=NC2=C(O1)C=C(Cl)C=C2	1000
CN1C(=CC2=C1C(=O)N(C)C(=O)N2C)N1C=C(N=N1)C1=CC=C(Cl)C=C1	182
CN1C(OCC2=CC3=CC=CC=C3C=C2)=CC2=C1C(=O)N(C)C(=O)N2C	1000
CN1C(OCC2=CC=C(Cl)C(=C2)C(F)(F)F)=CC2=C1C(=O)N(C)C(=O)N2C	583
CN1C(OCC2=CC=C(Cl)C=C2)=CC2=C1C(=O)N(C)C(=O)N2C	48
CN1C(=CC2=C1C(=O)N(C)C(=O)N2C)C#CCC1=CC=CC=C1	1000
CN1C(=CC2=C1C(=O)N(C)C(=O)N2C)C#CC1=CC=C(Cl)C=C1	68
CN1C(=CC2=C1C(=O)N(C)C(=O)N2C)C#CC1=CC=CC(Cl)=C1	173
CN1C(\C=C\C2=CC=C(Cl)C=C2)=NC2=C1C(=O)N(C)C(=O)N2C	430
CN1C(\C=C\C2=CC=CC=C2O)=CC2=C1C(=O)N(C)C(=O)N2C	1000
CN1C(\C=C\C2=CC=CC(O)=C2)=CC2=C1C(=O)N(C)C(=O)N2C	1000
CN1C(\C=C\C2=CC=C(C=C2)C#N)=CC2=C1C(=O)N(C)C(=O)N2C	543
CN1C(\C=C\C2=CC=C(C=C2)S(C)(=O)=O)=CC2=C1C(=O)N(C)C(=O)N2C	1000
CN1C(\C=C\C2=CC=C(C=C2)C(C)=O)=CC2=C1C(=O)N(C)C(=O)N2C	587
CN1C(\C=C\C2=CC=C3OCOC3=C2)=CC2=C1C(=O)N(C)C(=O)N2C	1000
CN1C(\C=C\C2=CC=C(Cl)C(Cl)=C2)=CC2=C1C(=O)N(C)C(=O)N2C	133
CN1C(\C=C\C2=CC=C(Br)C=C2)=CC2=C1C(=O)N(C)C(=O)N2C	267
CCCOC1=CC=C(\C=C\C2=CC3=C(N2C)C(=O)N(C)C(=O)N3C)C=C1	1368
COC1=CC=C(\C=C\C2=CC3=C(N2C)C(=O)N(C)C(=O)N3C)C=C1	763
CN1C(\C=C\C2=CC=C(C=C2)C(F)(F)F)=CC2=C1C(=O)N(C)C(=O)N2C	432
CN1C(\C=C\C2=CC=C(Cl)C=C2)=CC2=C1C(=O)N(C)C(=O)N2C	200
CN1C(\C=C\C2=CC=C(F)C=C2)=CC2=C1C(=O)N(C)C(=O)N2C	175
CN1C(\C=C\C2=CC=CC(=C2)C(F)(F)F)=CC2=C1C(=O)N(C)C(=O)N2C	480
COC1=CC(\C=C\C2=CC3=C(N2C)C(=O)N(C)C(=O)N3C)=CC=C1	370
[H]\C(=C(\[H])C1=C([H])C([H])=C([H])C([H])=C1[H])C1=C([H])C2=C(N1C([H])([H])[H])C(=O)N(C(=O)N2C([H])([H])[H])C([H])([H])[H]	1580
CN1C(\C=C\C2=CC=CC(Cl)=C2)=CC2=C1C(=O)N(C)C(=O)N2C	1480
CN1C2=C(C=C(OCC3=CC=CC=C3)C=C2)C2=C1C(=O)N(C)C(=O)N2C	5220
CN1C2=C(C=CC(=C2)C2=CC=CC(Cl)=C2)C2=C1C(=O)N(C)C(=O)N2C	1390
CN1C2=C(C=CC(=C2)C2=CC=CC=C2)C2=C1C(=O)N(C)C(=O)N2C	7630
O\C(\C=C\C1=CC(O)=C(O)C=C1)=C/C(=O)C1=CC=CC=C1O	654
O\C(\C=C\C1=CC=C(O)C=C1)=C/C(=O)C1=CC=CC=C1O	26
CC1=CC=C(\C=C\C(\O)=C\C(=O)C2=CC=CC=C2O)C=C1	3770
O\C(\C=C\C1=CC=C(C=C1)[N+]([O-])=O)=C/C(=O)C1=CC=CC=C1O	2670
COC1=C(O)C=CC(\C=C\C(\O)=C\C(=O)C2=C(OC)C=CC=C2O)=C1	1680
O\C(\C=C\C1=CC=CC=C1)=C/C(=O)C1=CC(F)=CC=C1O	50
O\C(\C=C\C1=CC=CC=C1)=C/C(=O)C1=CC=CC=C1O	1160
OC1=CC=C(F)C=C1C(=O)\C=C\C1=CC=CC=C1	668
OC1=CC=CC=C1C(=O)\C=C\C=C\C1=CC=C(C=C1)[N+]([O-])=O	160
COC1=C(O)C=CC(\C=C\C=C\C(=O)C2=C(O)C=CC=C2O)=C1	969
COC1=C(OC)C=C(\C=C\C=C\C(=O)C2=C(O)C=CC=C2O)C=C1	1450
COC1=C(O)C=CC(\C=C\C=C\C(=O)C2=C(OC)C=CC=C2O)=C1	486
COC1=C(O)C=CC(\C=C\C=C\C(=O)C2=CC=CC=C2O)=C1	502
COC1=CC=C(\C=C\C=C\C(=O)C2=CC=CC=C2O)C=C1	1810
COC1=CC=C(\C=C\C=C\C(=O)C2=CC(F)=CC=C2O)C=C1	726
OC1=CC=C(F)C=C1C(=O)\C=C\C=C\C1=CC=CC=C1	76
OC1=CC=C(C(=O)\C=C\C=C\C2=CC=C(Cl)C=C2)C(O)=C1	11
COC1=CC=C(C(=O)\C=C\C=C\C2=CC=C(Cl)C=C2)C(O)=C1	4.5
OC1=CC=CC=C1C(=O)\C=C\C=C\C1=CC=C(Cl)C=C1	860
OC1=CC=C(Cl)C=C1C(=O)\C=C\C=C\C1=CC=C(Cl)C=C1	1460
OC1=CC=C(Cl)C=C1C(=O)\C=C\C=C\C1=CC=C(C=C1)[N+]([O-])=O	1080
[H]OC1=C([H])C([H])=C([H])C([H])=C1C(=O)C(\[H])=C(/[H])\C(\[H])=C(/[H])C1=C([H])C([H])=C([H])C([H])=C1[H]	106
COC1=CC=C(\C=C\C=C\C(=O)C2=CC(Cl)=CC=C2O)C=C1	153
OC1=CC=C(Cl)C=C1C(=O)\C=C\C=C\C1=CC=CC=C1	55
CC(C)C[C@@H](CF)N(C)CC#C	132
CN(CC#C)[C@H](CF)CC1=CC=CO1	209
CN(CC#C)[C@H](CF)CC(C)=C	664
